rank,pos_rank,name,position,team,proj_points,floor,ceil,draft_value,adp,adp_gap,espn_proj,injury,line_source,pass_yds,pass_td,interceptions,rush_yds,rush_td,receptions,rec_yds,rec_td,fumbles
1,RB1,Jahmyr Gibbs,RB,DET,324.6,265.8,384.2,160.6,1.4,0.4,364.9,ACTIVE,dk+hist,0.0,0.0,0.0,1199.5,12.23,52.37,449.5,6.12,1.39
2,RB2,Bijan Robinson,RB,ATL,303.2,251.3,356.8,139.2,2.5,0.5,352.8,ACTIVE,dk+hist,0.0,0.0,0.0,1174.5,8.72,61.2,574.5,3.36,2.7
3,RB3,Christian McCaffrey,RB,SF,294.1,242.3,346.5,130.1,7.3,4.3,343.2,QUESTIONABLE,dk+hist,0.0,0.0,0.0,949.5,8.54,68.5,574.5,4.15,1.49
4,WR1,Ja'Marr Chase,WR,CIN,302.8,247.0,361.7,127.4,3.9,-0.1,337.5,ACTIVE,dk+hist,0.0,0.0,0.0,20.52,0.0,109.81,1324.5,10.06,0.93
5,WR2,Puka Nacua,WR,LAR,296.5,241.5,353.8,121.1,5.2,0.2,356.3,QUESTIONABLE,dk+hist,0.0,0.0,0.0,80.97,1.19,103.25,1324.5,7.87,0.82
6,WR3,Amon-Ra St. Brown,WR,DET,291.5,238.0,346.7,116.1,8.2,2.2,324.0,ACTIVE,dk+hist,2.84,0.42,0.0,7.99,0.0,107.55,1249.5,9.55,0.47
7,RB4,De'Von Achane,RB,MIA,277.7,229.6,326.8,113.7,12.0,5.0,293.5,ACTIVE,dk+hist,0.0,0.0,0.0,974.5,4.93,69.61,507.81,5.04,0.0
8,WR4,Jaxon Smith-Njigba,WR,SEA,278.7,225.5,331.4,103.3,5.7,-2.3,326.7,ACTIVE,dk+hist,14.39,0.0,0.0,32.49,0.0,95.59,1324.5,8.11,0.89
9,RB5,Jonathan Taylor,RB,IND,262.7,212.7,312.9,98.7,7.7,-1.3,316.5,ACTIVE,dk+hist,0.0,0.0,0.0,1249.5,11.14,35.2,277.85,1.79,1.42
10,RB6,Ashton Jeanty,RB,LV,255.8,206.9,304.9,91.8,17.0,7.0,280.9,QUESTIONABLE,dk+hist,0.0,0.0,0.0,974.5,7.21,52.37,335.19,5.32,1.36
11,RB7,Chase Brown,RB,CIN,251.0,205.8,296.4,87.0,22.5,11.5,272.1,ACTIVE,dk+hist,0.0,0.0,0.0,854.11,5.82,61.84,399.49,4.97,0.48
12,RB8,James Cook,RB,BUF,250.0,200.1,301.8,86.0,12.5,0.5,279.6,ACTIVE,dk+hist,0.0,0.0,0.0,1224.5,10.06,31.86,275.25,2.14,2.54
13,RB9,Josh Jacobs,RB,GB,248.3,200.1,298.4,84.3,36.8,23.8,259.1,QUESTIONABLE,dk+hist,0.0,0.0,0.0,974.5,14.27,35.21,300.02,1.05,3.12
14,WR5,CeeDee Lamb,WR,DAL,255.5,207.6,305.5,80.1,10.6,-3.4,293.5,ACTIVE,dk+hist,0.0,0.0,0.0,27.47,0.0,88.9,1199.5,7.46,0.45
15,TE1,Trey McBride,TE,ARI,240.5,193.8,289.2,76.5,20.5,5.5,241.9,ACTIVE,dk+hist,0.0,0.0,0.0,0.85,0.45,99.88,999.5,6.31,0.0
16,QB1,Josh Allen,QB,BUF,338.9,274.9,405.5,66.3,22.1,6.1,369.7,ACTIVE,dk+hist,3624.5,24.5,8.44,499.5,11.24,0.0,2.99,0.4,3.62
17,WR6,Justin Jefferson,WR,MIN,241.5,193.6,290.6,66.1,12.1,-4.9,293.7,ACTIVE,dk+hist,9.04,0.0,0.0,5.53,0.0,84.59,1149.5,6.84,0.0
18,RB10,Derrick Henry,RB,BAL,228.9,179.1,280.0,64.9,18.9,0.9,274.7,ACTIVE,dk+hist,0.0,0.0,0.0,1249.5,12.34,15.85,157.84,0.81,3.27
19,RB11,Saquon Barkley,RB,PHI,227.8,182.7,273.2,63.8,15.7,-3.3,273.6,ACTIVE,dk+hist,0.0,0.0,0.0,1099.5,7.71,34.37,270.73,2.14,1.35
20,WR7,Rashee Rice,WR,KC,236.6,191.3,283.2,61.2,22.1,2.1,271.0,ACTIVE,vegas,0.0,0.0,0.0,29.0,1.55,88.0,964.0,7.0,1.0
21,WR8,A.J. Brown,WR,NE,234.7,189.6,281.8,59.3,27.0,6.0,248.6,ACTIVE,dk+hist,0.0,0.0,0.0,0.0,0.0,80.09,1124.5,7.02,0.0
22,RB12,Kyren Williams,RB,LAR,222.4,176.8,269.2,58.4,42.0,20.0,232.1,ACTIVE,dk+hist,0.0,0.0,0.0,949.5,9.73,34.8,240.21,2.81,3.3
23,WR9,Nico Collins,WR,HOU,232.1,186.8,278.6,56.7,27.0,4.0,249.0,ACTIVE,dk+hist,0.0,0.0,0.0,9.58,0.72,75.39,1149.5,6.38,0.89
24,WR10,Drake London,WR,ATL,231.6,186.3,279.4,56.2,18.5,-5.5,269.8,ACTIVE,dk+hist,0.0,0.0,0.0,0.17,0.0,81.5,1093.53,7.13,1.04
25,TE2,Brock Bowers,TE,LV,219.8,177.5,263.4,55.8,24.2,-0.8,240.9,ACTIVE,vegas,0.0,0.0,0.0,18.0,0.0,82.5,924.5,7.5,1.0
26,RB13,Javonte Williams,RB,DAL,214.4,171.1,259.5,50.4,35.7,9.7,259.3,ACTIVE,dk+hist,0.0,0.0,0.0,949.5,9.36,39.83,201.72,1.44,2.69
27,RB14,Kenneth Walker III,RB,KC,210.9,170.2,251.6,46.9,22.2,-4.8,274.0,ACTIVE,dk+hist,0.0,0.0,0.0,954.66,7.38,37.68,302.1,0.55,0.0
28,RB15,Breece Hall,RB,NYJ,209.9,169.6,251.3,45.9,33.6,5.6,274.2,QUESTIONABLE,dk+hist,2.63,0.66,0.0,899.5,4.93,42.84,390.89,1.85,2.71
29,WR11,Malik Nabers,WR,NYG,220.0,177.2,263.7,44.6,34.2,5.2,246.0,QUESTIONABLE,dk+hist,0.0,0.0,0.0,0.46,0.0,75.35,999.5,7.44,0.0
30,WR12,Chris Olave,WR,NO,219.9,176.0,266.7,44.5,30.9,0.9,250.4,ACTIVE,dk+hist,0.0,0.0,0.54,4.07,0.0,86.06,1024.5,5.61,0.8
31,WR13,DeVonta Smith,WR,PHI,219.5,176.7,263.1,44.1,41.3,10.3,239.2,ACTIVE,dk+hist,0.0,0.0,0.0,0.49,0.0,81.3,1049.5,5.54,0.0
32,RB16,Travis Etienne Jr.,RB,NO,201.8,161.2,243.2,37.8,44.2,12.2,246.1,ACTIVE,dk+hist,0.0,0.0,0.0,824.5,5.42,36.83,271.05,4.0,0.53
33,WR14,George Pickens,WR,DAL,213.1,172.5,256.7,37.7,30.6,-2.4,238.5,ACTIVE,dk+hist,0.0,0.0,0.0,0.5,0.0,68.53,1049.5,6.77,0.54
34,WR15,Garrett Wilson,WR,NYJ,211.9,169.6,254.7,36.5,36.5,2.5,249.9,ACTIVE,vegas,0.0,0.0,0.0,16.0,0.0,84.5,999.5,4.5,0.59
35,RB17,Omarion Hampton,RB,LAC,199.9,159.3,241.0,35.9,26.0,-9.0,261.7,ACTIVE,dk+hist,0.0,0.0,0.0,949.5,7.87,32.15,191.08,1.08,0.0
36,WR16,Zay Flowers,WR,BAL,207.5,166.2,249.7,32.1,40.8,4.8,238.8,ACTIVE,dk+hist,0.0,0.0,0.0,59.43,0.73,70.63,999.5,5.29,2.57
37,RB18,Cam Skattebo,RB,NYG,195.0,157.4,234.3,31.0,44.0,7.0,230.4,ACTIVE,vegas,0.0,0.0,0.0,799.5,6.5,42.0,301.0,1.0,1.0
38,RB19,D'Andre Swift,RB,CHI,192.2,153.8,231.8,28.2,64.9,26.9,211.7,ACTIVE,dk+hist,0.0,0.0,0.0,824.5,6.79,35.94,323.79,0.71,1.77
39,WR17,DJ Moore,WR,BUF,202.3,162.1,244.0,26.9,62.9,23.9,209.5,ACTIVE,dk+hist,1.27,0.65,0.0,77.91,0.76,68.85,828.98,6.08,0.48
40,TE3,Tyler Warren,TE,IND,188.5,150.8,226.9,24.5,50.1,10.1,210.9,QUESTIONABLE,dk+hist,0.0,0.0,0.0,7.88,1.11,72.52,774.5,5.18,0.0
41,WR18,Tee Higgins,WR,CIN,198.2,156.7,241.5,22.8,55.8,14.8,219.4,ACTIVE,dk+hist,0.0,0.0,0.0,0.0,0.0,63.97,874.5,7.99,0.57
42,WR19,Tetairoa McMillan,WR,CAR,197.7,156.6,239.3,22.3,41.5,-0.5,236.5,ACTIVE,dk+hist,0.0,0.0,0.0,0.0,0.0,64.02,949.5,6.46,0.0
43,RB20,Quinshon Judkins,RB,CLE,184.2,144.4,225.2,20.2,55.0,12.0,226.4,QUESTIONABLE,dk+hist,0.0,0.0,0.0,894.61,8.64,25.86,170.81,0.0,0.0
44,WR20,Ladd McConkey,WR,LAC,195.1,156.4,235.0,19.7,50.7,6.7,221.0,ACTIVE,dk+hist,0.0,0.0,0.0,0.0,0.0,71.06,899.5,5.68,0.0
45,RB21,Bhayshul Tuten,RB,JAX,183.6,139.8,228.8,19.6,73.3,28.3,205.3,ACTIVE,dk+hist,0.0,0.0,0.0,724.5,13.8,9.91,79.38,2.21,1.38
46,QB2,Drake Maye,QB,NE,291.4,231.9,353.9,18.8,47.3,1.3,319.4,ACTIVE,dk+hist,3840.93,26.34,9.37,424.5,3.36,0.6,1.2,0.0,6.11
47,TE4,Colston Loveland,TE,CHI,182.7,144.7,222.2,18.7,45.0,-2.0,205.9,ACTIVE,dk+hist,0.0,0.0,0.0,0.07,0.0,65.79,824.5,5.75,0.0
48,QB3,Trevor Lawrence,QB,JAX,290.7,230.4,352.3,18.1,93.0,45.0,288.3,ACTIVE,dk+hist,3729.13,25.5,11.89,257.6,7.23,0.0,0.47,0.0,2.92
49,TE5,Harold Fannin Jr.,TE,CLE,181.7,144.0,220.8,17.7,75.5,26.5,187.7,ACTIVE,dk+hist,0.0,0.0,0.0,12.81,1.18,68.69,699.5,6.23,1.35
50,WR21,Davante Adams,WR,LAR,192.7,152.5,235.0,17.3,46.1,-3.9,232.3,ACTIVE,dk+hist,0.0,0.0,0.0,0.0,0.0,60.8,774.5,9.08,0.0
51,WR22,Emeka Egbuka,WR,TB,192.7,153.7,233.2,17.3,47.8,-3.2,229.0,QUESTIONABLE,dk+hist,0.0,0.0,0.0,8.75,0.0,61.06,924.5,6.38,0.0
52,RB22,David Montgomery,RB,HOU,181.0,143.9,219.8,17.0,70.3,18.3,192.7,ACTIVE,dk+hist,2.97,0.99,0.0,808.22,7.54,28.71,248.31,0.0,1.36
53,QB4,Jalen Hurts,QB,PHI,289.0,232.1,349.7,16.4,51.4,-1.6,320.3,ACTIVE,dk+hist,3249.5,22.5,5.99,424.5,8.19,0.0,0.0,0.0,5.28
54,QB5,Caleb Williams,QB,CHI,288.6,232.4,347.0,16.0,92.3,38.3,281.7,ACTIVE,dk+hist,3689.29,24.19,6.32,430.68,2.21,1.29,14.47,0.69,3.16
55,WR23,Terry McLaurin,WR,WAS,190.2,151.4,231.2,14.8,60.1,5.1,218.7,ACTIVE,dk+hist,0.0,0.0,0.0,0.61,0.0,64.35,924.5,5.68,0.36
56,RB23,Bucky Irving,RB,TB,178.0,143.6,213.4,14.0,53.9,-2.1,207.1,ACTIVE,vegas,0.0,0.0,0.0,799.5,4.5,36.0,271.0,2.0,2.0
57,WR24,Jaylen Waddle,WR,DEN,189.3,151.3,228.9,13.9,57.2,0.2,213.3,ACTIVE,dk+hist,5.25,0.0,0.0,22.9,0.0,64.54,899.5,5.39,0.0
58,WR25,Josh Downs,WR,IND,189.2,151.2,228.3,13.8,133.6,75.6,157.7,ACTIVE,dk+hist,0.0,0.0,0.0,5.01,0.0,76.74,774.9,5.74,0.0
59,QB6,Lamar Jackson,QB,BAL,286.0,230.7,342.9,13.4,38.6,-20.5,322.9,ACTIVE,dk+hist,3249.5,24.65,6.67,599.5,3.53,0.0,0.0,0.0,5.17
60,QB7,Bo Nix,QB,DEN,285.4,229.0,343.1,12.8,86.9,26.9,296.2,ACTIVE,dk+hist,3499.5,24.35,10.14,378.13,5.19,0.41,0.83,0.4,1.76
61,TE6,Kyle Pitts,TE,ATL,175.3,140.8,211.3,11.3,64.9,3.9,185.1,ACTIVE,dk+hist,0.0,0.0,0.0,0.0,0.0,70.27,774.5,4.6,0.0
62,WR26,Jameson Williams,WR,DET,184.5,146.9,222.9,9.1,67.5,5.5,208.4,ACTIVE,dk+hist,0.0,0.0,0.0,31.58,0.46,53.77,924.5,5.39,0.0
63,QB8,Justin Herbert,QB,LAC,280.8,223.6,340.1,8.2,107.0,44.0,283.6,ACTIVE,dk+hist,3669.32,25.2,9.42,434.29,2.33,0.0,0.0,0.0,2.66
64,QB9,Joe Burrow,QB,CIN,280.4,221.8,340.0,7.8,58.8,-5.1,304.7,ACTIVE,dk+hist,3999.5,32.68,9.33,83.89,0.55,0.0,0.0,0.0,1.64
65,WR27,Mike Evans,WR,SF,181.0,143.3,220.6,5.6,94.0,29.0,182.6,QUESTIONABLE,vegas,0.0,0.0,0.0,0.0,0.0,59.5,824.5,6.5,0.0
66,TE7,Tucker Kraft,TE,GB,168.6,132.0,206.1,4.6,90.1,24.1,180.7,QUESTIONABLE,dk+hist,0.0,0.0,0.0,4.19,0.0,47.5,699.5,8.56,0.32
67,QB10,Jayden Daniels,QB,WAS,276.4,223.3,331.8,3.8,50.9,-16.1,318.4,ACTIVE,dk+hist,3249.5,21.36,7.91,549.5,4.51,0.0,0.0,0.0,2.61
68,QB11,Brock Purdy,QB,SF,272.6,214.1,333.7,0.0,103.0,35.0,292.5,ACTIVE,dk+hist,3799.5,27.66,15.31,211.16,4.37,0.0,0.0,0.0,3.35
69,WR28,Rome Odunze,WR,CHI,175.4,140.3,212.1,0.0,64.8,-4.2,212.6,ACTIVE,dk+hist,0.0,0.0,0.0,5.07,0.0,57.75,824.5,5.91,0.4
70,RB24,TreVeyon Henderson,RB,NE,164.0,130.9,198.9,0.0,77.8,7.8,197.4,QUESTIONABLE,dk+hist,0.0,0.0,0.0,699.5,5.95,33.73,209.62,1.06,1.37
71,RB25,Jaylen Warren,RB,PIT,164.0,132.1,197.4,0.0,98.9,27.9,191.7,ACTIVE,dk+hist,0.0,0.0,0.0,624.5,3.66,39.12,329.43,1.42,0.52
72,RB26,Rico Dowdle,RB,PIT,163.5,130.2,197.4,-0.5,104.3,32.3,186.1,ACTIVE,dk+hist,0.0,0.0,0.0,699.5,3.47,37.98,274.29,1.84,1.86
73,WR29,DK Metcalf,WR,PIT,174.7,137.9,213.6,-0.7,86.8,13.8,196.0,QUESTIONABLE,dk+hist,0.0,0.0,0.0,8.02,0.75,56.59,824.5,5.39,0.99
74,WR30,Stefon Diggs,WR,WAS,173.7,138.8,211.0,-1.7,127.2,53.2,164.0,ACTIVE,vegas,8.97,0.0,0.0,6.0,0.72,64.0,774.5,4.5,0.0
75,RB27,Rhamondre Stevenson,RB,NE,162.0,126.5,197.9,-2.0,84.7,9.7,202.8,ACTIVE,dk+hist,0.0,0.0,0.0,624.5,5.95,31.82,291.43,1.85,4.13
76,RB28,Chuba Hubbard,RB,CAR,161.9,127.8,197.8,-2.1,122.2,46.2,172.9,QUESTIONABLE,dk+hist,0.0,0.0,0.0,699.5,4.52,34.36,203.03,2.48,2.34
77,TE8,George Kittle,TE,SF,161.8,127.1,197.5,-2.2,95.8,18.8,176.8,QUESTIONABLE,dk+hist,0.0,0.0,0.0,0.07,0.0,57.31,699.5,5.75,0.0
78,WR31,Alec Pierce,WR,IND,172.5,136.0,209.8,-2.9,101.6,23.6,186.7,OUT,dk+hist,0.0,0.0,0.0,0.0,0.0,42.14,899.5,6.73,0.0
79,RB29,Tony Pollard,RB,TEN,160.1,125.3,195.7,-3.9,107.3,28.3,185.8,ACTIVE,dk+hist,0.0,0.0,0.0,799.5,5.12,35.01,215.63,0.0,3.57
80,TE9,Brenton Strange,TE,JAX,160.1,126.6,194.7,-3.9,167.9,87.9,142.5,ACTIVE,vegas,0.0,0.0,0.0,0.0,0.0,63.0,680.0,5.0,0.44
81,WR32,Luther Burden III,WR,CHI,171.3,136.7,206.4,-4.1,77.0,-4.0,205.9,QUESTIONABLE,dk+hist,0.0,0.0,0.0,37.67,0.0,62.59,874.5,2.92,0.0
82,WR33,Deebo Samuel,WR,SF,170.4,135.3,206.2,-5.0,131.0,49.0,161.0,ACTIVE,vegas,0.0,0.0,0.0,89.0,1.0,63.5,699.5,4.0,1.0
83,TE10,Travis Kelce,TE,KC,157.8,125.0,191.5,-6.2,97.1,14.1,177.5,ACTIVE,dk+hist,0.0,0.0,0.0,0.99,0.0,67.11,674.5,4.02,0.5
84,WR34,Michael Pittman Jr.,WR,PIT,169.0,134.2,204.8,-6.4,91.3,7.3,197.3,QUESTIONABLE,dk+hist,0.0,0.0,0.0,0.0,0.0,70.19,745.43,4.21,0.49
85,QB12,Jaxson Dart,QB,NYG,265.3,212.2,319.9,-7.3,76.3,-8.7,300.3,ACTIVE,dk+hist,3150.5,19.64,6.88,449.5,5.88,0.0,0.0,0.0,2.89
86,QB13,Jared Goff,QB,DET,264.5,207.7,324.3,-8.1,137.2,51.2,268.5,ACTIVE,dk+hist,4099.5,29.5,8.36,48.58,0.0,0.4,2.88,0.4,4.37
87,QB14,Dak Prescott,QB,DAL,264.4,207.5,321.9,-8.2,85.3,-1.7,286.8,ACTIVE,dk+hist,3999.5,27.17,11.68,124.39,1.86,0.0,0.0,0.0,2.26
88,TE11,T.J. Hockenson,TE,MIN,155.0,122.9,187.6,-9.0,132.8,44.8,158.2,ACTIVE,vegas,0.0,0.0,0.0,0.0,0.0,66.0,650.0,4.0,0.0
89,RB30,Jonathon Brooks,RB,CAR,154.9,123.4,186.7,-9.1,117.1,28.1,170.8,ACTIVE,vegas,0.0,0.0,0.0,684.0,4.0,34.0,245.0,1.0,1.0
90,QB15,Baker Mayfield,QB,TB,263.0,208.5,318.9,-9.6,148.1,58.1,264.8,ACTIVE,dk+hist,3599.5,24.88,11.83,384.35,1.97,0.0,0.0,0.0,3.53
91,TE12,Isaiah Likely,TE,NYG,154.4,120.8,188.7,-9.6,127.8,36.8,155.7,ACTIVE,vegas,0.0,0.0,0.0,0.0,0.0,62.0,653.0,5.0,1.44
92,TE13,Hunter Henry,TE,NE,153.5,120.4,188.4,-10.5,142.8,50.8,149.9,ACTIVE,vegas,0.0,0.0,0.0,0.0,0.0,58.0,655.0,5.0,0.0
93,WR35,Carnell Tate,WR,TEN,163.9,130.5,199.6,-11.5,78.6,-14.5,202.4,ACTIVE,dk+hist,0.0,0.0,0.0,0.0,0.0,61.8,790.78,4.1,0.8
94,WR36,Parker Washington,WR,JAX,163.7,129.2,199.7,-11.7,95.5,1.5,187.3,QUESTIONABLE,dk+hist,0.0,0.0,0.0,0.0,0.0,54.3,778.71,5.26,0.0
95,RB31,Kenny Gainwell,RB,TB,152.3,121.8,184.2,-11.7,118.1,23.1,177.8,ACTIVE,vegas,0.0,0.0,0.0,418.0,3.0,47.0,355.0,2.0,1.0
96,WR37,Jordyn Tyson,WR,NO,163.2,130.4,198.3,-12.2,164.1,68.1,99.8,DOUBTFUL,dk+hist,0.0,0.0,0.0,0.0,0.0,60.5,774.5,4.47,0.8
97,WR38,Courtland Sutton,WR,DEN,162.5,126.7,198.6,-12.9,80.5,-16.5,204.4,ACTIVE,dk+hist,12.9,0.43,0.0,0.0,0.0,51.2,699.5,6.69,0.49
98,WR39,Wan'Dale Robinson,WR,TEN,161.3,128.7,195.1,-14.1,114.4,16.3,175.0,ACTIVE,dk+hist,0.0,0.0,0.0,9.43,0.0,71.85,699.5,3.09,0.0
99,WR40,Jordan Addison,WR,MIN,160.6,126.9,196.0,-14.8,115.5,16.5,170.5,ACTIVE,dk+hist,0.0,0.0,0.0,61.87,1.19,47.86,674.5,5.32,0.0
100,QB16,Matthew Stafford,QB,LAR,257.5,202.0,313.8,-15.1,80.1,-19.9,293.2,ACTIVE,dk+hist,3899.5,30.33,7.05,17.85,0.0,0.0,0.0,0.0,3.73
101,WR41,Marvin Harrison Jr.,WR,ARI,160.2,127.0,195.4,-15.2,86.2,-14.8,193.8,ACTIVE,dk+hist,0.0,0.0,0.0,0.0,0.0,54.35,824.5,4.04,0.4
102,WR42,Chris Godwin,WR,TB,160.2,127.0,194.5,-15.2,143.7,41.7,157.4,ACTIVE,dk+hist,0.0,0.0,0.0,0.99,0.0,62.24,699.5,4.66,0.0
103,WR43,Quentin Johnston,WR,LA,159.0,124.0,195.2,-16.4,138.0,35.0,165.4,QUESTIONABLE,dk+hist,0.0,0.0,0.0,7.0,0.0,47.1,649.5,8.03,0.95
104,WR44,Brian Thomas Jr.,WR,JAX,157.7,126.0,190.4,-17.7,103.0,-1.0,176.7,ACTIVE,dk+hist,0.0,0.0,0.0,30.64,0.81,50.89,728.44,4.34,0.0
105,WR45,Michael Wilson,WR,ARI,156.8,122.7,191.9,-18.6,103.7,-1.3,176.5,ACTIVE,dk+hist,0.0,0.0,0.0,3.0,0.0,55.13,708.95,5.25,0.51
106,WR46,Christian Watson,WR,GB,156.2,122.4,191.6,-19.2,96.2,-9.8,185.1,ACTIVE,dk+hist,0.0,0.0,0.0,9.34,0.0,42.23,774.5,6.06,0.41
107,TE14,Jake Ferguson,TE,DAL,144.7,112.8,178.3,-19.3,111.3,4.3,166.5,ACTIVE,dk+hist,0.0,0.0,0.0,0.62,0.0,68.59,524.5,4.85,2.74
108,RB32,RJ Harvey,RB,DEN,144.1,115.0,174.4,-19.9,138.8,30.8,149.5,ACTIVE,vegas,0.0,0.0,0.0,515.0,3.0,37.0,276.0,2.0,1.0
109,WR47,Xavier Worthy,WR,KC,155.4,124.4,187.0,-20.0,124.1,15.1,173.3,QUESTIONABLE,dk+hist,0.0,0.0,0.0,97.57,1.13,54.16,649.5,3.3,0.0
110,TE15,Chig Okonkwo,TE,WAS,143.9,113.3,175.6,-20.1,169.7,59.7,121.3,ACTIVE,vegas,0.0,0.0,0.0,7.21,0.0,61.0,591.0,4.0,0.47
111,TE16,Mark Andrews,TE,BAL,143.5,111.2,177.0,-20.5,121.1,10.1,169.3,ACTIVE,dk+hist,0.0,0.0,0.0,32.97,0.72,49.96,499.5,5.99,0.0
112,TE17,AJ Barner,TE,SEA,142.4,112.7,175.0,-21.6,169.4,57.4,113.8,ACTIVE,vegas,0.0,0.0,0.0,14.0,1.0,58.0,530.0,4.0,0.0
113,WR48,Jayden Reed,WR,GB,153.5,122.4,186.8,-21.9,126.1,13.1,170.2,ACTIVE,dk+hist,0.0,0.0,0.0,66.95,0.24,53.33,674.5,4.19,0.26
114,TE18,Dallas Goedert,TE,PHI,141.6,110.1,174.1,-22.4,98.5,-15.5,177.1,ACTIVE,dk+hist,0.0,0.0,0.0,0.0,0.0,55.78,574.5,4.73,0.0
115,TE19,Sam LaPorta,TE,DET,141.6,112.0,172.4,-22.4,70.5,-44.5,188.6,QUESTIONABLE,dk+hist,0.0,0.0,0.0,0.0,0.0,50.76,624.5,4.73,0.0
116,TE20,Dalton Schultz,TE,HOU,139.2,109.2,170.5,-24.8,168.0,52.0,133.3,ACTIVE,vegas,0.0,0.0,0.0,0.0,0.0,58.0,572.0,4.0,0.0
117,TE21,Oronde Gadsden,TE,LAC,138.9,109.0,171.1,-25.1,170.1,53.1,77.3,ACTIVE,vegas,0.0,0.0,0.0,0.0,0.0,56.0,618.0,4.0,1.44
118,QB17,Patrick Mahomes,QB,KC,243.3,190.1,298.4,-29.3,106.9,-11.1,291.3,QUESTIONABLE,vegas,3649.5,24.5,12.0,202.0,1.0,1.02,0.53,0.0,2.0
119,WR49,Jayden Higgins,WR,HOU,145.0,111.4,178.6,-30.4,168.4,49.4,0.0,INJURY_RESERVE,dk+hist,0.0,0.0,0.0,0.0,0.0,45.18,574.5,7.07,0.0
120,RB33,Chris Rodriguez,RB,JAX,132.5,100.1,165.8,-31.5,166.2,46.2,71.4,ACTIVE,vegas,0.0,0.0,0.0,728.0,6.0,15.0,107.0,0.0,1.0
121,QB18,Kyler Murray,QB,MIN,240.3,190.0,291.0,-32.3,146.6,25.6,250.6,ACTIVE,vegas,3049.5,18.5,9.0,503.0,3.0,0.0,0.0,0.0,3.0
122,WR50,Romeo Doubs,WR,NE,143.0,112.3,174.7,-32.4,151.5,29.5,150.2,ACTIVE,dk+hist,0.0,0.0,0.0,0.0,0.0,48.87,649.5,4.87,0.0
123,WR51,Khalil Shakir,WR,BUF,142.4,112.3,172.7,-33.0,124.4,1.4,171.1,QUESTIONABLE,dk+hist,0.0,0.0,0.0,4.78,0.0,59.92,624.5,3.56,0.9
124,WR52,Jakobi Meyers,WR,JAX,142.1,112.6,173.0,-33.3,113.2,-10.8,182.0,QUESTIONABLE,dk+hist,0.0,0.0,0.0,17.13,0.0,58.45,670.84,2.78,0.91
125,TE22,Gunnar Helm,TE,TEN,130.3,102.2,159.0,-33.7,170.5,45.5,127.0,ACTIVE,vegas,0.0,0.0,0.0,0.0,0.0,57.0,553.0,3.0,0.0
126,QB19,Jordan Love,QB,GB,238.1,187.4,290.8,-34.5,158.4,32.4,259.0,ACTIVE,dk+hist,3549.5,24.35,8.13,161.84,0.41,0.0,0.0,0.0,1.81
127,QB20,Tyler Shough,QB,NO,237.8,185.7,291.9,-34.8,155.6,28.6,266.0,ACTIVE,dk+hist,3487.11,20.5,9.1,189.4,3.49,0.0,0.0,0.0,2.7
128,RB34,Rachaad White,RB,WAS,128.1,102.1,155.7,-35.9,136.4,8.4,164.7,QUESTIONABLE,vegas,0.0,0.0,0.0,468.0,3.0,34.0,253.0,1.0,1.0
129,TE23,Pat Freiermuth,TE,PIT,127.5,99.5,157.4,-36.5,169.0,40.0,136.4,ACTIVE,vegas,0.0,0.0,0.0,0.0,0.0,51.0,534.0,4.0,0.44
130,QB21,C.J. Stroud,QB,HOU,235.7,185.8,287.2,-36.9,165.4,35.4,246.6,ACTIVE,dk+hist,3549.5,22.5,10.12,223.67,0.82,0.0,0.0,0.0,1.68
131,RB35,Aaron Jones,RB,MIN,127.1,100.6,154.7,-36.9,133.1,2.1,177.0,ACTIVE,dk+hist,0.0,0.0,0.0,477.08,2.18,35.64,264.35,1.4,2.1
132,WR53,Tre Tucker,WR,LV,137.7,107.5,168.8,-37.7,168.2,36.2,138.0,ACTIVE,dk+hist,0.0,0.0,0.0,47.61,0.42,47.5,574.5,4.24,0.0
133,RB36,Kyle Monangai,RB,CHI,126.3,97.7,155.9,-37.7,128.4,-4.6,176.2,QUESTIONABLE,dk+hist,0.0,0.0,0.0,649.5,4.62,17.53,160.97,0.0,0.0
134,WR54,Jalen Coker,WR,CAR,135.7,105.3,167.1,-39.7,160.0,26.0,147.2,ACTIVE,dk+hist,7.92,0.0,0.0,0.0,0.0,49.22,627.89,4.21,0.96
135,TE24,Juwan Johnson,TE,NO,124.1,96.7,152.6,-39.9,163.3,28.3,143.5,ACTIVE,dk+hist,0.0,0.0,0.0,0.0,0.0,52.44,599.5,2.54,1.75
136,RB37,J.K. Dobbins,RB,DEN,124.0,94.5,155.8,-40.0,117.1,-18.9,175.0,ACTIVE,dk+hist,0.0,0.0,0.0,674.5,5.32,17.2,74.19,0.0,0.0
137,TE25,Darren Waller,TE,CAR,123.0,94.4,152.0,-41.0,170.2,33.2,114.6,ACTIVE,vegas,0.0,0.0,0.0,3.97,0.0,47.0,516.0,4.0,0.0
138,TE26,Cade Otton,TE,TB,121.3,95.3,149.1,-42.7,170.5,32.5,102.1,QUESTIONABLE,vegas,0.0,0.0,0.0,0.28,0.0,53.0,513.0,3.0,0.5
139,WR55,Jalen Nailor,WR,LV,130.6,101.9,159.7,-44.8,170.5,31.5,124.2,ACTIVE,vegas,0.0,0.0,0.0,19.0,0.0,46.0,587.0,4.0,0.0
140,TE27,Dalton Kincaid,TE,BUF,119.2,92.7,146.7,-44.8,132.0,-8.0,155.4,ACTIVE,dk+hist,0.0,0.0,0.0,0.0,0.0,40.85,549.5,3.9,0.0
141,WR56,Malik Washington,WR,MIA,129.6,101.6,158.6,-45.8,170.3,29.3,115.9,ACTIVE,vegas,0.0,0.0,0.0,121.0,1.0,48.0,472.0,3.0,0.85
142,WR57,Jalen McMillan,WR,TB,127.4,99.1,157.2,-48.0,168.6,26.6,132.9,QUESTIONABLE,vegas,0.0,0.0,0.0,33.0,0.0,44.0,561.0,4.0,0.0
143,RB38,Cameron Skattebo,RB,NYG,114.9,84.4,147.5,-49.1,,,,,dk+hist,0.0,0.0,0.0,799.5,6.23,0.0,0.0,0.0,1.2
144,WR58,Ricky Pearsall,WR,SF,126.0,100.3,153.7,-49.4,169.9,25.9,0.0,INJURY_RESERVE,dk+hist,0.0,0.0,0.0,15.74,0.0,47.77,674.5,1.54,0.0
145,RB39,Tyjae Spears,RB,TEN,114.6,89.5,140.5,-49.4,160.7,15.7,154.5,ACTIVE,vegas,0.0,0.0,0.0,388.0,2.0,35.0,248.0,1.0,1.0
146,WR59,Amari Cooper,WR,BUF,125.5,96.6,155.3,-49.9,170.0,24.0,,,hist,0.0,0.0,0.0,0.0,0.0,44.03,549.3,4.42,0.0
147,RB40,Jacory Croskey-Merritt,RB,WAS,112.6,82.3,145.0,-51.4,131.8,-15.2,159.5,QUESTIONABLE,dk+hist,0.0,0.0,0.0,624.5,6.73,8.52,65.79,0.0,2.68
148,WR60,Rashid Shaheed,WR,SEA,123.4,96.6,151.8,-52.0,155.0,7.0,144.5,ACTIVE,dk+hist,0.0,0.0,0.0,54.62,0.0,41.18,574.5,3.43,0.63
149,WR61,Matthew Golden,WR,GB,122.9,98.7,149.0,-52.5,103.0,-46.0,185.0,ACTIVE,dk+hist,0.0,0.0,0.0,51.32,0.0,52.85,649.5,0.0,0.0
150,RB41,Tyrone Tracy,RB,NYG,111.3,85.2,138.3,-52.7,169.2,19.2,66.6,ACTIVE,vegas,0.0,0.0,0.0,528.0,3.0,21.0,155.0,1.0,1.0
151,QB22,Sam Darnold,QB,SEA,219.7,167.3,274.1,-52.9,162.1,11.1,242.6,ACTIVE,dk+hist,3699.5,23.5,12.01,133.84,0.41,0.0,0.0,0.0,7.06
152,RB42,Blake Corum,RB,LAR,110.8,81.5,142.1,-53.2,136.7,-15.3,159.4,ACTIVE,dk+hist,0.0,0.0,0.0,674.5,5.25,7.45,44.22,0.0,0.0
153,RB43,Jeremiyah Love,RB,ARI,109.6,79.4,140.5,-54.4,22.5,-130.5,278.5,QUESTIONABLE,dk+hist,0.0,0.0,0.0,774.5,5.75,0.0,0.0,0.0,1.2
154,TE28,Greg Dulcich,TE,MIA,109.4,84.0,135.7,-54.6,170.4,16.4,119.2,ACTIVE,vegas,0.0,0.0,0.0,0.13,0.0,47.0,459.0,3.0,0.75
155,QB23,Bryce Young,QB,CAR,217.4,167.7,270.1,-55.2,168.8,13.8,237.5,ACTIVE,dk+hist,2924.5,20.5,10.84,239.06,4.2,0.0,0.0,0.0,4.49
156,WR62,Ryan Flournoy,WR,DAL,119.8,93.4,146.6,-55.6,170.8,14.8,89.3,ACTIVE,vegas,0.0,0.0,0.0,13.0,0.0,47.0,549.0,3.0,0.68
157,RB44,Jordan Mason,RB,MIN,108.2,79.5,137.9,-55.8,140.4,-16.6,150.5,ACTIVE,dk+hist,0.0,0.0,0.0,649.5,4.38,12.93,68.93,0.0,1.44
158,WR63,Tank Dell,WR,HOU,115.8,89.9,142.5,-59.6,156.8,-1.2,152.8,QUESTIONABLE,vegas,0.0,0.0,0.0,29.0,0.0,41.0,539.0,3.0,0.0
159,TE29,Mike Gesicki,TE,CIN,104.1,79.3,129.8,-59.9,170.3,11.3,85.8,ACTIVE,vegas,0.0,0.0,0.0,0.0,0.0,42.0,449.0,3.0,0.41
160,WR64,Makai Lemon,WR,PHI,114.0,90.1,139.7,-61.4,143.1,-16.9,154.6,ACTIVE,dk+hist,0.0,0.0,0.0,0.0,0.0,50.7,649.5,0.0,0.8
161,WR65,Jaylin Noel,WR,HOU,113.9,87.9,141.2,-61.5,171.4,10.4,113.3,QUESTIONABLE,vegas,0.0,0.0,0.0,50.0,0.0,42.0,489.0,3.0,0.0
162,QB24,Cam Ward,QB,TEN,210.2,160.1,263.5,-62.4,169.0,7.0,219.9,ACTIVE,vegas,3299.5,20.5,13.0,182.0,2.0,0.0,0.0,0.0,4.0
163,QB25,Malik Willis,QB,MIA,210.1,164.9,257.8,-62.5,166.8,3.8,239.1,ACTIVE,dk+hist,2949.5,14.38,0.0,137.63,3.97,0.0,0.0,0.0,1.5
164,WR66,Tre' Harris,WR,LAC,112.9,86.6,140.4,-62.5,171.0,7.0,89.9,QUESTIONABLE,vegas,0.0,0.0,0.0,6.0,0.0,39.0,493.0,4.0,0.0
165,QB26,Daniel Jones,QB,IND,209.1,159.5,259.5,-63.5,158.5,-6.5,267.2,ACTIVE,vegas,3299.5,18.5,11.0,191.0,2.0,0.0,0.0,0.0,3.0
166,TE30,Terrance Ferguson,TE,LAR,100.3,73.9,127.3,-63.7,165.4,-0.7,135.8,ACTIVE,vegas,0.0,0.0,0.0,0.0,0.0,35.0,413.0,4.0,0.0
167,QB27,Geno Smith,QB,NYJ,208.5,158.5,259.6,-64.1,170.2,3.2,232.3,ACTIVE,vegas,3372.0,22.0,14.0,156.0,1.0,0.0,0.0,0.0,4.0
168,WR67,Devaughn Vele,WR,NO,110.6,86.0,136.7,-64.8,171.4,3.4,123.8,ACTIVE,vegas,0.0,0.0,0.0,10.0,0.0,42.0,496.0,3.0,0.0
169,QB28,Aaron Rodgers,QB,PIT,207.4,158.6,257.0,-65.2,169.2,0.2,219.2,ACTIVE,dk+hist,3149.5,21.79,7.52,77.64,0.75,0.68,0.21,0.0,1.83
170,RB45,Bam Knight,RB,ARI,97.8,69.5,127.8,-66.2,170.1,0.1,0.8,ACTIVE,hist,0.0,0.0,0.0,286.27,4.63,21.76,158.67,1.1,1.42
171,WR68,Jerry Jeudy,WR,CLE,108.5,84.5,133.8,-66.9,165.6,-5.4,138.4,ACTIVE,dk+hist,0.0,0.0,0.0,3.26,0.0,43.35,549.5,1.94,0.9
172,RB46,Keaton Mitchell,RB,LAC,96.9,71.7,122.4,-67.1,168.8,-3.2,93.9,ACTIVE,vegas,0.0,0.0,0.0,435.0,3.0,18.0,134.0,1.0,1.0
173,WR69,Calvin Ridley,WR,TEN,108.2,82.6,135.1,-67.2,168.1,-4.9,135.4,ACTIVE,dk+hist,0.0,0.0,0.0,14.0,0.26,31.33,549.5,3.25,0.28
174,TE31,Mason Taylor,TE,NYJ,96.4,72.2,122.2,-67.6,170.0,-3.9,66.3,ACTIVE,vegas,0.0,0.0,0.0,0.0,0.0,40.0,384.0,3.0,0.0
175,WR70,Keenan Allen,WR,IND,105.9,81.2,132.3,-69.5,167.3,-7.7,124.4,ACTIVE,vegas,0.0,0.0,0.44,0.0,0.0,44.0,448.0,3.0,0.0
176,WR71,De'Zhaun Stribling,WR,SF,105.2,82.7,128.2,-70.2,151.2,-24.8,130.3,QUESTIONABLE,dk+hist,0.0,0.0,0.0,0.0,0.0,46.8,599.5,0.0,0.8
177,WR72,KC Concepcion,WR,CLE,105.2,82.4,128.9,-70.2,145.2,-31.8,154.2,ACTIVE,dk+hist,0.0,0.0,0.0,0.0,0.0,46.8,599.5,0.0,0.8
178,WR73,Jauan Jennings,WR,MIN,103.9,79.0,130.0,-71.5,170.8,-7.2,114.6,ACTIVE,vegas,0.0,0.0,0.0,0.0,0.0,39.0,487.0,3.0,0.89
179,WR74,Ja'Kobi Lane,WR,BAL,103.3,77.1,130.7,-72.1,167.1,-11.9,100.5,ACTIVE,vegas,0.0,0.0,0.0,6.0,0.0,35.0,453.0,4.0,0.8
180,WR75,Rashod Bateman,WR,BAL,102.3,78.3,127.8,-73.1,171.2,-8.8,122.5,ACTIVE,vegas,0.0,0.0,0.0,0.0,0.0,36.0,483.0,3.0,0.0
181,RB47,Dylan Sampson,RB,CLE,88.7,65.4,113.2,-75.3,171.0,-10.0,86.9,ACTIVE,vegas,0.0,0.0,0.0,321.0,2.0,23.0,176.0,1.0,1.0
182,WR76,Germie Bernard,WR,PIT,97.3,73.5,123.1,-78.1,171.2,-10.8,108.8,ACTIVE,vegas,0.0,0.0,0.0,10.0,0.0,36.0,439.0,3.0,0.8
183,WR77,Pat Bryant,WR,DEN,96.4,73.1,120.6,-79.0,170.6,-12.4,72.8,ACTIVE,vegas,0.0,0.0,0.0,9.0,0.0,35.0,425.0,3.0,0.0
184,WR78,Ted Hurst,WR,TB,96.3,72.6,121.5,-79.1,170.2,-13.8,64.9,ACTIVE,vegas,0.0,0.0,0.0,13.0,0.0,36.0,426.0,3.0,0.8
185,WR79,Adonai Mitchell,WR,NYJ,96.0,72.2,120.9,-79.4,170.0,-15.0,126.7,ACTIVE,vegas,9.64,0.0,0.0,10.0,0.0,35.0,443.0,3.0,1.36
186,RB48,Woody Marks,RB,HOU,83.8,60.5,108.1,-80.2,149.5,-36.5,127.8,ACTIVE,vegas,0.0,0.0,0.0,351.0,2.0,19.0,137.0,1.0,1.0
187,WR80,Travis Hunter,WR,JAX,95.0,70.2,119.6,-80.4,120.6,-66.4,113.1,ACTIVE,vegas,0.0,0.0,0.0,21.0,0.0,35.0,415.0,3.0,0.8
188,TE32,Kenyon Sadiq,TE,NYJ,83.5,63.4,104.1,-80.5,146.6,-41.4,154.0,QUESTIONABLE,dk+hist,0.0,0.0,0.0,0.0,0.0,40.1,449.5,0.0,0.8
189,WR81,Kayshon Boutte,WR,HOU,94.6,71.0,118.9,-80.8,170.8,-18.2,87.5,ACTIVE,vegas,0.0,0.0,0.0,0.0,0.0,31.0,456.0,3.0,0.0
190,TE33,Darnell Washington,TE,PIT,83.2,59.8,107.9,-80.8,169.6,-20.4,72.5,ACTIVE,vegas,0.0,0.0,0.0,0.0,0.0,33.0,341.0,3.0,0.93
191,WR82,Tyreek Hill,WR,,93.7,69.7,118.2,-81.7,169.8,-21.2,,QUESTIONABLE,vegas,0.0,0.0,0.0,5.0,0.0,33.0,422.0,3.0,0.0
192,WR83,Caleb Douglas,WR,MIA,93.2,69.8,118.1,-82.2,169.4,-22.6,115.6,ACTIVE,vegas,0.0,0.0,0.0,0.0,0.0,34.0,428.0,3.0,0.8
193,WR84,Cyrus Allen,WR,KC,92.9,69.4,117.2,-82.5,169.4,-23.6,44.0,ACTIVE,vegas,0.0,0.0,0.0,0.0,0.0,34.0,425.0,3.0,0.8
194,TE34,Michael Mayer,TE,LV,80.8,59.1,103.1,-83.2,170.4,-23.6,81.0,ACTIVE,vegas,0.0,0.0,0.0,0.0,0.0,34.0,348.0,2.0,0.0
195,WR85,Tory Horton,WR,SEA,92.0,68.5,116.5,-83.4,170.3,-24.7,65.5,QUESTIONABLE,vegas,0.0,0.0,0.0,9.0,0.0,31.0,421.0,3.0,0.0
196,QB29,Cameron Ward,QB,TEN,188.7,143.1,236.6,-83.9,,,,,dk+hist,3299.5,20.64,10.4,0.0,0.0,0.0,0.0,0.0,2.5
197,WR86,Andrei Iosivas,WR,CIN,91.3,68.6,116.1,-84.1,170.1,-26.9,58.2,ACTIVE,vegas,0.0,0.0,0.0,10.0,0.0,32.0,403.0,3.0,0.0
198,TE35,Eli Stowers,TE,PHI,79.8,56.5,104.0,-84.2,169.9,-28.1,29.0,QUESTIONABLE,vegas,0.0,0.0,0.0,5.0,0.0,31.0,319.0,3.0,0.8
199,TE36,Cole Kmet,TE,CHI,79.7,58.4,102.1,-84.3,169.7,-29.3,53.6,ACTIVE,vegas,0.0,0.0,0.0,0.0,0.0,34.0,337.0,2.0,0.0
200,WR87,Chimere Dike,WR,TEN,89.4,66.3,112.5,-86.0,170.1,-29.9,39.4,ACTIVE,vegas,0.0,0.0,0.0,30.0,0.0,38.0,384.0,2.0,1.0
201,WR88,Malachi Fields,WR,NYG,89.4,65.8,113.8,-86.0,169.9,-31.1,59.9,ACTIVE,vegas,0.0,0.0,0.0,6.0,0.0,32.0,404.0,3.0,0.8
202,TE37,Theo Johnson,TE,NYG,77.0,56.2,99.0,-87.0,170.2,-31.8,61.8,QUESTIONABLE,vegas,0.0,0.0,0.0,0.0,0.0,31.0,340.0,2.0,0.0
203,WR89,Adam Thielen,WR,PIT,88.3,65.6,112.2,-87.1,170.0,-33.0,,,hist,0.0,0.0,0.0,0.0,0.0,33.12,389.69,2.7,0.0
204,TE38,Dawson Knox,TE,BUF,76.4,53.5,100.2,-87.6,169.7,-34.3,68.2,ACTIVE,vegas,0.0,0.0,0.0,0.0,0.0,28.0,304.0,3.0,0.0
205,WR90,Denzel Boston,WR,CLE,87.4,67.5,108.1,-88.0,165.9,-39.1,140.7,ACTIVE,dk+hist,0.0,0.0,0.0,0.0,0.0,39.0,499.5,0.0,0.8
206,WR91,Isaac TeSlaa,WR,DET,87.1,64.0,111.3,-88.3,170.2,-35.8,72.8,ACTIVE,vegas,0.0,0.0,0.0,9.0,0.0,28.0,402.0,3.0,0.0
207,TE39,Colby Parkinson,TE,LAR,74.5,52.0,97.7,-89.5,170.4,-36.7,75.4,ACTIVE,vegas,0.0,0.0,0.0,0.0,0.0,29.0,293.0,3.0,0.91
208,RB49,Ray Davis,RB,BUF,73.7,49.0,98.9,-90.3,170.9,-37.1,38.1,ACTIVE,vegas,0.0,0.0,0.0,313.0,3.0,9.0,68.0,1.43,0.0
209,WR92,Cooper Kupp,WR,SEA,84.0,60.4,108.7,-91.4,168.8,-40.2,101.5,ACTIVE,vegas,0.0,0.0,0.61,5.21,0.0,32.0,364.0,3.0,0.83
210,WR93,Keon Coleman,WR,BUF,83.9,60.7,107.8,-91.5,170.4,-39.6,75.4,QUESTIONABLE,vegas,0.0,0.0,0.0,13.0,0.0,29.0,375.0,3.0,0.94
211,WR94,Darius Slayton,WR,NYG,82.3,59.8,106.3,-93.1,170.5,-40.5,88.7,ACTIVE,vegas,0.0,0.0,0.0,6.39,0.0,27.0,386.0,3.0,0.95
212,TE40,Jake Tonges,TE,SF,70.8,50.5,92.5,-93.2,170.4,-41.6,32.8,ACTIVE,vegas,0.0,0.0,0.0,0.0,0.0,30.0,288.0,2.0,0.0
213,RB50,Jadarian Price,RB,SEA,70.0,50.0,91.5,-94.0,76.8,-136.2,194.1,ACTIVE,dk+hist,0.0,0.0,0.0,724.5,0.0,0.0,0.0,0.0,1.2
214,TE41,Evan Engram,TE,DEN,69.7,48.6,91.2,-94.3,170.0,-44.0,106.6,ACTIVE,vegas,0.0,0.0,0.0,3.83,0.0,31.0,277.0,2.0,0.71
215,TE42,Elijah Arroyo,TE,SEA,69.4,48.6,91.0,-94.6,169.9,-45.1,60.6,ACTIVE,vegas,0.0,0.0,0.0,0.0,0.0,29.0,312.0,2.0,1.41
216,RB51,Tyler Allgeier,RB,ARI,69.4,46.3,93.5,-94.6,164.6,-51.4,91.3,ACTIVE,vegas,0.0,0.0,0.0,400.0,3.0,8.0,54.0,0.0,1.0
217,RB52,Justice Hill,RB,BAL,67.7,47.3,89.3,-96.3,170.9,-46.1,114.2,ACTIVE,vegas,0.0,0.0,0.0,141.0,1.0,24.0,176.0,1.0,0.0
218,RB53,Brian Robinson,RB,ATL,67.6,45.4,90.8,-96.4,165.0,-53.0,94.0,ACTIVE,vegas,0.0,0.0,0.0,358.0,2.0,13.0,91.0,0.0,1.13
219,WR95,Sterling Shepard,WR,HOU,78.8,59.3,99.7,-96.6,170.0,-49.0,,ACTIVE,vegas,0.0,0.0,0.0,6.0,0.0,36.95,363.48,1.12,0.9
220,RB54,Zach Charbonnet,RB,SEA,67.2,43.3,92.0,-96.8,156.7,-63.3,134.0,OUT,vegas,0.0,0.0,0.0,264.0,3.0,11.0,78.0,1.0,1.0
221,WR96,Omar Cooper Jr.,WR,NYJ,78.2,58.8,98.8,-97.2,171.1,-49.9,67.3,ACTIVE,dk+hist,0.0,0.0,0.0,0.0,0.0,35.0,448.24,0.0,0.8
222,WR97,Jack Bech,WR,LV,77.9,56.8,100.5,-97.5,170.3,-51.7,65.9,ACTIVE,vegas,0.0,0.0,0.0,9.0,0.0,30.0,350.0,2.0,0.0
223,WR98,Kendrick Bourne,WR,ARI,77.7,56.7,99.9,-97.7,170.0,-53.0,50.3,ACTIVE,vegas,0.0,0.0,0.0,2.85,0.0,31.0,344.0,2.0,0.0
224,RB55,Samaje Perine,RB,CIN,66.1,44.2,89.1,-97.9,171.0,-53.0,100.5,ACTIVE,vegas,0.0,0.0,0.0,275.0,2.0,14.0,103.0,1.0,1.86
225,RB56,Kimani Vidal,RB,LAC,66.0,43.7,89.8,-98.0,170.9,-54.1,36.4,ACTIVE,vegas,0.0,0.0,0.0,243.0,2.0,14.0,97.0,1.0,0.0
226,WR99,Zachariah Branch,WR,ATL,76.9,55.2,99.6,-98.5,170.8,-55.2,82.5,ACTIVE,vegas,0.0,0.0,0.0,0.0,0.0,30.0,365.0,2.0,0.8
227,RB57,Emmett Johnson,RB,KC,65.2,42.4,88.4,-98.8,170.0,-57.0,46.6,ACTIVE,vegas,0.0,0.0,0.0,286.0,2.0,12.0,86.0,1.0,1.0
228,RB58,Tank Bigsby,RB,PHI,65.2,42.4,89.7,-98.8,169.4,-58.6,64.2,ACTIVE,vegas,0.0,0.0,0.0,353.0,3.0,8.0,59.0,0.0,1.0
229,WR100,Olamide Zaccheaus,WR,ATL,75.8,54.5,97.9,-99.6,170.0,-59.0,32.3,ACTIVE,vegas,0.0,0.0,0.0,12.0,0.0,30.0,326.0,2.0,0.0
230,RB59,Jonah Coleman,RB,DEN,63.9,41.4,87.1,-100.1,169.5,-60.5,74.5,ACTIVE,vegas,0.0,0.0,0.0,304.0,2.0,10.0,75.0,1.0,1.0
231,RB60,Nicholas Singleton,RB,TEN,63.7,41.8,86.8,-100.3,170.4,-60.6,19.8,ACTIVE,vegas,0.0,0.0,0.0,270.0,2.0,12.0,87.0,1.0,1.0
232,RB61,Alvin Kamara,RB,NO,63.0,42.0,85.0,-101.0,160.0,-72.0,117.4,QUESTIONABLE,vegas,0.0,0.0,0.0,185.0,1.0,20.0,145.0,1.0,1.0
233,RB62,Isaiah Davis,RB,NYJ,62.4,40.8,85.1,-101.6,170.5,-62.5,51.0,QUESTIONABLE,vegas,0.0,0.0,0.0,261.0,2.0,13.0,94.0,0.32,0.0
234,WR101,Antonio Williams,WR,WAS,73.6,52.8,96.0,-101.8,170.8,-63.2,77.8,ACTIVE,vegas,0.0,0.0,0.0,13.0,0.0,28.0,339.0,2.0,0.8
235,WR102,Marvin Mims,WR,DEN,72.4,50.9,94.9,-103.0,170.1,-64.9,69.9,ACTIVE,vegas,0.0,0.0,0.0,36.0,0.41,27.0,293.0,2.0,1.0
236,WR103,KaVontae Turpin,WR,DAL,71.5,49.4,94.7,-103.9,169.9,-66.1,66.8,ACTIVE,vegas,0.0,0.0,0.0,77.0,1.0,21.0,268.0,2.0,1.0
237,TE43,Will Kacmarek,TE,MIA,60.0,39.4,81.0,-104.0,170.0,-67.0,39.9,ACTIVE,vegas,0.0,0.0,0.0,0.0,0.0,25.0,246.0,2.0,0.8
238,WR104,Jahan Dotson,WR,ATL,71.2,50.4,93.1,-104.2,170.6,-67.4,92.8,ACTIVE,vegas,0.0,0.0,0.0,16.0,0.0,26.0,316.0,2.0,0.0
239,RB63,Mike Washington,RB,LV,59.6,36.9,82.7,-104.4,165.5,-73.5,65.2,ACTIVE,vegas,0.0,0.0,0.0,281.0,2.0,9.0,69.0,1.0,1.2
240,RB64,Emanuel Wilson,RB,SEA,59.2,37.8,81.0,-104.8,170.2,-69.8,9.9,QUESTIONABLE,vegas,0.0,0.0,0.0,249.0,2.0,11.0,86.0,0.45,0.0
241,RB65,Kyle Juszczyk,RB,SF,59.2,38.9,81.3,-104.8,169.9,-71.1,44.9,QUESTIONABLE,hist,0.0,0.0,0.0,10.96,0.46,22.16,209.82,2.21,0.52
242,TE44,Noah Gray,TE,KC,59.1,38.9,80.6,-104.9,169.9,-72.1,60.8,ACTIVE,vegas,0.0,0.0,0.0,0.27,0.0,24.0,231.0,2.0,0.0
243,WR105,Dontayvion Wicks,WR,PHI,70.4,49.7,92.3,-105.0,170.7,-72.3,108.2,ACTIVE,vegas,0.0,0.0,0.0,8.0,0.0,26.0,316.0,2.0,0.0
244,RB66,Sean Tucker,RB,TB,58.7,37.2,81.8,-105.3,170.4,-73.6,36.9,ACTIVE,vegas,0.0,0.0,0.0,288.0,2.0,8.0,57.0,1.04,1.0
245,TE45,David Njoku,TE,LAC,58.0,37.7,79.2,-106.0,169.6,-75.4,104.4,ACTIVE,vegas,0.0,0.0,0.0,0.0,0.0,23.0,230.0,2.0,0.0
246,WR106,DeMario Douglas,WR,NE,68.8,48.2,90.4,-106.6,170.1,-75.9,61.5,ACTIVE,vegas,0.0,0.0,0.0,28.0,0.0,24.0,300.0,2.0,0.0
247,RB67,Jordan James,RB,SF,57.3,36.2,79.0,-106.7,170.9,-76.1,29.2,QUESTIONABLE,vegas,0.0,0.0,0.0,287.0,2.0,11.0,80.0,0.0,1.2
248,RB68,James Conner,RB,ARI,57.2,35.1,79.6,-106.8,170.2,-77.8,0.0,QUESTIONABLE,vegas,0.0,0.0,0.0,220.0,2.0,11.0,82.0,1.0,1.0
249,RB69,Jaydon Blue,RB,DAL,56.6,35.9,78.8,-107.4,170.5,-78.5,54.9,ACTIVE,vegas,0.0,0.0,0.0,289.0,2.0,9.0,67.0,0.0,0.0
250,TE46,Justin Joly,TE,DEN,56.4,36.3,77.1,-107.6,170.0,-80.0,9.6,ACTIVE,vegas,0.0,0.0,0.0,0.0,0.0,23.0,230.0,2.0,0.8
251,RB70,Chris Brooks,RB,GB,56.3,35.0,79.1,-107.7,170.2,-80.8,36.0,ACTIVE,vegas,0.0,0.0,0.0,203.0,2.0,14.0,100.0,0.0,0.0
252,RB71,Isiah Pacheco,RB,DET,56.2,34.9,78.0,-107.8,163.9,-88.1,123.5,QUESTIONABLE,vegas,0.0,0.0,0.0,263.0,2.0,10.0,73.0,0.44,1.0
253,RB72,LeQuint Allen,RB,JAX,56.2,36.0,76.9,-107.8,170.4,-82.6,46.4,QUESTIONABLE,vegas,0.0,0.0,0.0,135.0,1.0,18.0,127.0,1.0,0.0
254,TE47,Joe Royer,TE,CLE,56.2,36.0,77.2,-107.8,170.0,-84.0,16.3,QUESTIONABLE,vegas,0.0,0.0,0.0,0.0,0.0,23.0,228.0,2.0,0.8
255,WR107,Marquise Brown,WR,,67.5,46.4,88.9,-107.9,,,,,vegas,0.0,0.0,0.0,0.0,0.0,25.0,305.0,2.0,0.0
256,RB73,Ty Johnson,RB,BUF,55.8,35.7,76.8,-108.2,170.6,-85.4,84.8,QUESTIONABLE,vegas,0.0,0.0,0.0,137.0,1.0,17.0,131.0,1.0,0.0
257,WR108,Xavier Legette,WR,CAR,66.0,45.6,87.2,-109.4,170.6,-86.4,94.1,QUESTIONABLE,vegas,0.0,0.0,0.0,10.0,0.0,24.0,290.0,2.0,0.0
258,TE48,Max Klare,TE,LAR,54.5,34.0,76.1,-109.5,170.0,-88.0,9.9,ACTIVE,vegas,0.0,0.0,0.0,0.0,0.0,22.0,221.0,2.0,0.8
259,WR109,Chris Bell,WR,MIA,65.6,44.6,87.3,-109.8,170.5,-88.5,61.4,ACTIVE,vegas,0.0,0.0,0.0,3.0,0.0,25.0,299.0,2.0,0.8
260,WR110,Troy Franklin,WR,DEN,64.3,43.4,86.2,-111.1,170.2,-89.8,50.7,ACTIVE,vegas,0.0,0.0,0.0,14.0,0.0,24.0,287.0,2.0,0.89
261,RB74,MarShawn Lloyd,RB,GB,51.8,31.4,74.0,-112.2,170.4,-90.6,86.3,ACTIVE,vegas,0.0,0.0,0.0,281.0,2.0,7.0,47.0,0.0,0.0
262,TE49,Jack Endries,TE,CIN,51.7,31.2,73.2,-112.3,170.0,-92.0,,ACTIVE,vegas,0.0,0.0,0.0,0.0,0.0,21.0,203.0,2.0,0.8
263,WR111,Isaiah Bond,WR,CLE,62.8,41.9,84.9,-112.6,170.0,-93.0,30.6,ACTIVE,vegas,0.0,0.0,0.0,19.0,0.0,22.0,269.0,2.0,0.0
264,WR112,Tyquan Thornton,WR,KC,62.6,42.2,83.5,-112.8,170.4,-93.6,77.5,ACTIVE,vegas,0.0,0.0,0.0,0.0,0.0,20.0,306.0,2.0,0.0
265,WR113,Skyler Bell,WR,BUF,62.0,41.4,83.3,-113.4,170.0,-95.0,28.5,QUESTIONABLE,vegas,0.0,0.0,0.0,5.0,0.0,22.0,291.0,2.0,0.8
266,TE50,Nick Vannett,TE,TEN,50.2,27.7,74.2,-113.8,170.0,-96.0,,ACTIVE,hist,0.0,0.0,0.0,0.0,0.0,17.0,136.19,3.27,0.0
267,RB75,Braelon Allen,RB,NYJ,50.1,29.3,72.6,-113.9,170.8,-96.2,76.7,ACTIVE,vegas,0.0,0.0,0.0,233.0,2.0,10.0,69.0,0.29,1.9
268,WR114,Barion Brown,WR,NO,61.4,40.7,83.2,-114.0,170.0,-98.0,13.2,ACTIVE,vegas,0.0,0.0,0.0,0.0,0.0,22.0,290.0,2.0,0.8
269,WR115,Mack Hollins,WR,NE,59.9,39.4,81.6,-115.5,169.9,-99.1,28.1,ACTIVE,vegas,0.0,0.0,0.0,6.0,0.0,21.0,263.0,2.0,0.0
270,WR116,Elijah Sarratt,WR,BAL,59.8,38.9,81.4,-115.6,170.0,-100.0,33.6,ACTIVE,vegas,0.0,0.0,0.0,4.0,0.0,22.0,270.0,2.0,0.8
271,WR117,Malik Benson,WR,LV,59.0,38.8,80.3,-116.4,170.0,-101.0,48.3,ACTIVE,vegas,0.0,0.0,0.0,0.0,0.0,21.0,276.0,2.0,0.8
272,WR118,Darnell Mooney,WR,NYG,58.6,38.4,80.0,-116.8,170.5,-101.5,63.8,ACTIVE,vegas,0.0,0.0,0.0,3.0,0.0,19.0,273.0,2.0,0.0
273,RB76,Rasheen Ali,RB,BAL,46.7,26.7,68.1,-117.3,170.1,-102.9,0.5,ACTIVE,vegas,0.0,0.0,0.0,120.0,1.0,12.0,87.0,1.33,0.0
274,WR119,Josh Cameron,WR,JAX,58.0,37.5,79.1,-117.4,170.0,-104.0,0.3,ACTIVE,vegas,0.0,0.0,0.0,22.0,0.0,21.0,244.0,2.0,0.8
275,WR120,Mike Williams,WR,PIT,57.5,39.1,76.6,-117.9,170.0,-105.0,,,hist,0.0,0.0,0.0,0.0,0.0,21.16,299.78,1.06,0.0
276,RB77,Kaytron Allen,RB,WAS,45.9,24.9,67.4,-118.1,170.4,-105.6,15.7,ACTIVE,vegas,0.0,0.0,0.0,220.0,2.0,8.0,59.0,0.0,1.0
277,WR121,Elic Ayomanor,WR,TEN,56.7,37.0,77.9,-118.7,170.0,-107.0,23.9,ACTIVE,vegas,0.0,0.0,0.0,0.0,0.0,20.0,247.0,2.0,0.0
278,QB30,Jacoby Brissett,QB,ARI,153.0,113.9,193.7,-119.6,170.1,-107.9,198.9,ACTIVE,vegas,2400.0,15.0,7.0,110.0,1.0,0.0,0.0,0.0,3.0
279,WR122,Elijah Moore,WR,BUF,55.7,36.8,76.4,-119.7,170.0,-109.0,,ACTIVE,hist,0.0,0.0,0.0,21.14,1.05,23.38,222.66,0.28,0.0
280,WR123,Zavion Thomas,WR,CHI,55.6,34.8,77.1,-119.8,170.0,-110.0,36.2,ACTIVE,vegas,0.0,0.0,0.0,0.0,0.0,20.0,252.0,2.0,0.8
281,WR124,Calvin Austin,WR,NYG,54.8,36.1,74.2,-120.6,170.0,-111.0,16.0,ACTIVE,vegas,0.0,0.0,0.0,17.0,0.0,21.0,261.0,1.0,0.0
282,RB78,Jaylen Wright,RB,MIA,41.3,21.6,62.5,-122.7,170.5,-111.5,43.4,ACTIVE,vegas,0.0,0.0,0.0,223.0,2.0,6.0,38.0,0.0,1.39
283,WR125,Greg Dortch,WR,DET,52.0,33.2,71.9,-123.4,170.0,-113.0,16.0,ACTIVE,vegas,0.0,0.0,0.0,16.0,0.65,21.0,215.0,1.0,1.0
284,TE51,Luke Musgrave,TE,GB,40.6,22.9,59.5,-123.4,169.9,-114.1,16.2,OUT,vegas,0.0,0.0,0.0,0.0,0.0,17.0,176.0,1.0,0.0
285,TE52,Elijah Higgins,TE,ARI,40.2,22.6,58.6,-123.8,169.9,-115.1,43.0,QUESTIONABLE,vegas,0.0,0.0,0.0,0.0,0.0,18.0,179.0,1.0,0.86
286,TE53,Daniel Bellinger,TE,TEN,40.1,22.5,59.0,-123.9,170.0,-116.0,26.8,ACTIVE,vegas,0.0,0.0,0.0,0.0,0.0,17.0,171.0,1.0,0.0
287,RB79,Emari Demercado,RB,KC,40.1,20.3,60.5,-123.9,170.4,-116.6,63.8,ACTIVE,vegas,0.0,0.0,0.0,120.0,1.0,12.0,83.0,0.6,0.92
288,RB80,Kaelon Black,RB,SF,39.9,19.9,60.3,-124.1,170.4,-117.6,60.5,ACTIVE,vegas,0.0,0.0,0.0,200.0,2.0,6.0,43.0,0.0,1.2
289,TE54,Charlie Kolar,TE,LAC,38.4,20.9,57.2,-125.6,170.0,-119.0,36.2,ACTIVE,vegas,0.0,0.0,0.0,2.0,0.0,16.0,162.0,1.0,0.0
290,WR126,Brandon Aiyuk,WR,SF,49.6,30.3,70.5,-125.8,169.9,-120.1,,OUT,vegas,0.0,0.0,0.0,3.0,0.0,16.0,213.0,2.0,0.0
291,TE55,Oscar Delp,TE,NO,37.8,20.1,56.2,-126.2,170.0,-121.0,18.0,QUESTIONABLE,vegas,0.0,0.0,0.0,0.0,0.0,17.0,164.0,1.0,0.8
292,WR127,John Metchie,WR,CAR,48.8,30.2,67.8,-126.6,170.0,-122.0,,ACTIVE,vegas,0.0,0.0,0.0,8.0,0.0,20.0,220.0,1.0,0.0
293,QB31,Fernando Mendoza,QB,LV,145.4,106.9,185.6,-127.2,167.5,-125.5,187.5,ACTIVE,vegas,2199.5,12.5,11.0,234.0,2.0,0.0,0.0,0.0,3.0
294,TE56,Jonnu Smith,TE,,36.7,18.4,56.1,-127.3,170.0,-124.0,,ACTIVE,vegas,0.0,0.0,0.0,10.0,0.29,15.0,139.0,1.0,0.45
295,TE57,Zach Ertz,TE,,36.7,19.2,54.9,-127.3,170.0,-125.0,,QUESTIONABLE,vegas,0.0,0.0,0.0,0.0,0.0,16.0,147.0,1.0,0.0
296,RB81,Trevor Etienne,RB,CAR,36.2,17.9,55.4,-127.8,170.0,-126.0,16.7,ACTIVE,vegas,0.0,0.0,0.0,164.0,1.0,8.0,58.0,0.0,0.0
297,WR128,Christian Kirk,WR,SF,46.4,27.8,65.6,-129.0,170.0,-127.0,37.3,QUESTIONABLE,vegas,0.0,0.0,0.0,9.0,0.0,19.0,205.0,1.0,0.0
298,RB82,Seth McGowan,RB,IND,33.9,15.4,53.0,-130.1,170.2,-127.8,15.7,ACTIVE,vegas,0.0,0.0,0.0,184.0,1.0,7.0,49.0,0.0,1.2
299,RB83,Will Shipley,RB,PHI,33.8,15.6,52.6,-130.2,170.1,-128.9,28.0,ACTIVE,vegas,0.0,0.0,0.0,105.0,1.0,10.0,73.0,0.0,0.0
300,RB84,Malik Davis,RB,DAL,33.7,15.8,52.8,-130.3,169.9,-130.1,0.0,ACTIVE,vegas,0.0,0.0,0.0,178.0,1.0,6.0,39.0,0.0,0.0
301,TE58,Cade Stover,TE,HOU,33.2,15.7,51.5,-130.8,170.0,-131.0,34.8,ACTIVE,vegas,0.0,0.0,0.0,2.0,0.0,14.0,130.0,1.0,0.0
302,RB85,Austin Ekeler,RB,,33.1,15.3,51.7,-130.9,170.0,-132.0,,ACTIVE,vegas,0.0,0.0,0.0,118.0,1.0,9.0,63.0,0.0,0.0
303,TE59,Tyler Higbee,TE,LAR,32.9,15.7,50.9,-131.1,169.8,-133.2,38.1,ACTIVE,vegas,0.0,0.0,0.0,0.0,0.0,14.0,129.0,1.0,0.0
304,WR129,Ray-Ray McCloud,WR,NYG,44.0,26.6,62.3,-131.4,169.9,-134.1,,ACTIVE,hist,0.0,0.0,0.0,18.49,0.0,20.09,211.29,0.24,0.27
305,TE60,Austin Hooper,TE,ATL,32.4,14.8,50.8,-131.6,170.0,-135.0,43.4,ACTIVE,vegas,0.0,0.0,0.0,0.0,0.0,14.0,132.0,1.0,0.41
306,TE61,Michael Trigg,TE,DAL,32.2,13.9,51.0,-131.8,170.0,-136.0,,QUESTIONABLE,vegas,0.0,0.0,0.0,0.0,0.0,14.0,138.0,1.0,0.8
307,RB86,Kaleb Johnson,RB,PIT,32.0,14.8,50.2,-132.0,170.1,-136.9,4.8,ACTIVE,vegas,0.0,0.0,0.0,174.0,1.0,5.0,36.0,0.0,0.0
308,RB87,Devin Neal,RB,NO,31.9,13.5,51.2,-132.1,170.0,-138.0,0.0,QUESTIONABLE,vegas,0.0,0.0,0.0,160.0,1.0,7.0,49.0,0.0,1.0
309,TE62,Sam Roush,TE,CHI,31.9,14.9,50.2,-132.1,170.0,-139.0,8.7,ACTIVE,vegas,0.0,0.0,0.0,0.0,0.0,14.0,135.0,1.0,0.8
310,TE63,Jackson Hawes,TE,BUF,31.9,14.2,50.3,-132.1,170.0,-140.0,27.4,ACTIVE,vegas,0.0,0.0,0.0,0.0,0.0,13.0,129.0,1.0,0.0
311,TE64,Drew Sample,TE,CIN,31.8,14.4,50.2,-132.2,170.0,-141.0,38.8,ACTIVE,vegas,0.0,0.0,0.0,1.65,0.0,13.0,126.0,1.0,0.0
312,TE65,Josh Oliver,TE,MIN,31.4,13.8,49.6,-132.6,169.9,-142.1,38.4,ACTIVE,vegas,0.0,0.0,0.0,0.0,0.0,13.0,124.0,1.0,0.0
313,TE66,Eli Raridon,TE,NE,31.4,13.8,49.1,-132.6,169.9,-143.1,37.0,ACTIVE,vegas,0.0,0.0,0.0,0.0,0.0,14.0,130.0,1.0,0.8
314,TE67,Luke Schoonmaker,TE,DAL,31.4,14.3,49.6,-132.6,169.9,-144.1,27.7,ACTIVE,vegas,0.0,0.0,0.0,0.0,0.0,13.0,124.0,1.0,0.0
315,TE68,Tanner Koziol,TE,JAX,31.2,13.4,50.1,-132.8,170.0,-145.0,9.2,ACTIVE,vegas,0.0,0.0,0.0,0.0,0.0,14.0,128.0,1.0,0.8
316,TE69,John Bates,TE,WAS,31.0,13.3,49.8,-133.0,170.0,-146.0,34.6,QUESTIONABLE,vegas,0.0,0.0,0.0,0.0,0.0,13.0,128.0,1.0,0.4
317,TE70,Noah Fant,TE,NO,30.9,12.7,50.3,-133.1,170.0,-147.0,36.1,ACTIVE,vegas,0.0,0.0,0.0,0.0,0.0,15.0,156.0,1.0,2.85
318,TE71,Tommy Tremble,TE,CAR,30.5,12.9,48.4,-133.5,169.9,-148.1,43.6,ACTIVE,vegas,0.0,0.0,0.0,0.0,0.0,13.0,128.0,1.0,0.63
319,WR130,Konata Mumpfield,WR,LAR,41.7,23.2,60.8,-133.7,170.0,-149.0,29.2,ACTIVE,vegas,0.0,0.0,0.0,0.0,0.0,16.0,197.0,1.0,0.0
320,TE72,Matt Hibner,TE,,30.2,12.8,49.4,-133.8,,,,,vegas,0.0,0.0,0.0,0.0,0.0,13.0,128.0,1.0,0.8
321,RB88,DJ Giddens,RB,IND,30.0,12.1,49.0,-134.0,170.2,-150.8,36.0,QUESTIONABLE,vegas,0.0,0.0,0.0,137.0,1.0,6.0,43.0,0.0,0.0
322,TE73,Miles Kitselman,TE,,30.0,12.8,48.0,-134.0,,,,,vegas,0.0,0.0,0.0,0.0,0.0,13.0,126.0,1.0,0.8
323,TE74,Jaren Kanak,TE,TEN,30.0,12.4,49.1,-134.0,170.0,-153.0,,INJURY_RESERVE,vegas,0.0,0.0,0.0,0.0,0.0,13.0,126.0,1.0,0.8
324,TE75,Lance Mason,TE,,30.0,13.0,48.2,-134.0,,,,,vegas,0.0,0.0,0.0,0.0,0.0,13.0,126.0,1.0,0.8
325,TE76,Brevyn Spann-Ford,TE,DAL,29.4,11.9,47.9,-134.6,170.0,-155.0,9.5,ACTIVE,vegas,0.0,0.0,0.0,0.0,0.0,12.0,114.0,1.0,0.0
326,RB89,Nick Chubb,RB,,28.7,11.0,47.2,-135.3,169.8,-156.2,,ACTIVE,vegas,0.0,0.0,0.0,138.0,1.0,5.0,31.0,0.38,0.75
327,RB90,J'Mari Taylor,RB,,28.3,10.3,46.4,-135.7,,,,,vegas,0.0,0.0,0.0,160.0,1.0,5.0,37.0,0.0,1.2
328,TE77,Marlin Klein,TE,HOU,27.9,10.4,46.1,-136.1,170.0,-158.0,8.9,ACTIVE,vegas,0.0,0.0,0.0,0.0,0.0,12.0,115.0,1.0,0.8
329,TE78,Adam Trautman,TE,DEN,27.8,11.0,45.6,-136.2,170.0,-159.0,28.8,ACTIVE,vegas,0.0,0.0,0.0,0.0,0.0,11.0,108.0,1.0,0.0
330,RB91,Adam Randall,RB,BAL,27.7,9.7,46.9,-136.3,170.4,-159.6,25.1,QUESTIONABLE,vegas,0.0,0.0,0.0,103.0,1.0,8.0,58.0,0.0,1.2
331,RB92,Ollie Gordon,RB,MIA,27.7,10.2,46.6,-136.3,170.6,-160.4,34.9,QUESTIONABLE,vegas,0.0,0.0,0.0,120.0,1.0,3.0,22.0,0.75,0.0
332,TE79,Ben Sinnott,TE,WAS,27.5,10.4,45.6,-136.5,170.0,-162.0,26.6,ACTIVE,vegas,0.0,0.0,0.0,0.0,0.0,11.0,105.0,1.0,0.0
333,TE80,Brock Wright,TE,DET,27.3,10.4,45.3,-136.7,169.9,-163.1,18.6,ACTIVE,vegas,0.0,0.0,0.0,0.0,0.0,11.0,103.0,1.0,0.0
334,RB93,Trey Benson,RB,ARI,27.2,9.2,45.9,-136.8,170.0,-164.0,0.0,QUESTIONABLE,vegas,0.0,0.0,0.0,120.0,1.0,3.0,22.0,1.0,1.0
335,WR131,Demarcus Robinson,WR,SF,38.5,21.0,57.2,-136.9,170.0,-165.0,9.5,ACTIVE,vegas,0.0,0.0,0.0,4.34,0.0,14.0,181.0,1.0,0.0
336,WR132,Tez Johnson,WR,TB,38.4,20.3,56.8,-137.0,170.0,-166.0,21.6,QUESTIONABLE,vegas,0.0,0.0,0.0,10.0,0.0,14.0,174.0,1.0,0.0
337,RB94,Jawhar Jordan,RB,HOU,27.0,9.7,45.1,-137.0,170.2,-166.8,6.9,QUESTIONABLE,vegas,0.0,0.0,0.0,127.0,1.0,5.0,33.0,0.0,0.0
338,TE81,Will Dissly,TE,,27.0,10.4,44.3,-137.0,170.0,-168.0,,QUESTIONABLE,vegas,0.0,0.0,0.0,0.0,0.0,11.0,100.0,1.0,0.0
339,TE82,John Michael Gyllenborg,TE,,26.8,9.5,45.1,-137.2,,,,,vegas,0.0,0.0,0.0,0.0,0.0,11.0,114.0,1.0,0.8
340,WR133,Xavier Hutchinson,WR,HOU,38.1,20.0,57.0,-137.3,170.2,-169.8,66.4,ACTIVE,vegas,0.0,0.0,0.0,14.2,0.0,14.0,167.0,1.0,0.0
341,WR134,CJ Daniels,WR,LAR,37.7,19.9,55.8,-137.7,170.0,-171.0,9.6,ACTIVE,vegas,0.0,0.0,0.0,6.0,0.0,15.0,177.0,1.0,0.8
342,WR135,Jaylin Lane,WR,WAS,37.7,19.7,56.9,-137.7,170.0,-172.0,37.3,ACTIVE,vegas,0.0,0.0,0.0,14.0,0.0,14.0,163.0,1.0,0.0
343,RB95,Najee Harris,RB,NYG,26.3,9.2,44.5,-137.7,170.0,-173.0,50.0,ACTIVE,vegas,0.0,0.0,0.0,117.0,1.0,5.0,36.0,0.0,0.0
344,RB96,Jerome Ford,RB,,26.3,9.4,44.1,-137.7,170.0,-174.0,0.0,QUESTIONABLE,vegas,0.0,0.0,0.0,99.0,1.0,6.0,44.0,0.0,0.0
345,TE83,Josh Cuevas,TE,BAL,26.2,8.8,44.4,-137.8,170.0,-175.0,8.6,ACTIVE,vegas,0.0,0.0,0.0,0.0,0.0,11.0,108.0,1.0,0.8
346,WR136,Brenen Thompson,WR,LAC,37.4,19.3,56.3,-138.0,170.0,-176.0,27.5,QUESTIONABLE,vegas,0.0,0.0,0.0,0.0,0.0,14.0,190.0,1.0,0.8
347,TE84,Nate Boerkircher,TE,JAX,25.8,8.3,43.7,-138.2,170.0,-177.0,18.5,ACTIVE,vegas,0.0,0.0,0.0,0.0,0.0,11.0,104.0,1.0,0.8
348,WR137,Bryce Lance,WR,NO,37.1,19.2,56.0,-138.3,170.0,-178.0,39.5,ACTIVE,vegas,0.0,0.0,0.0,0.0,0.0,15.0,177.0,1.0,0.8
349,TE85,Grant Calcaterra,TE,PHI,25.6,8.5,43.6,-138.4,170.0,-179.0,0.0,QUESTIONABLE,vegas,0.0,0.0,0.0,0.0,0.0,10.0,96.0,1.0,0.0
350,TE86,Ja'Tavion Sanders,TE,CAR,24.9,8.2,42.5,-139.1,169.9,-180.1,42.3,ACTIVE,vegas,0.0,0.0,0.0,0.0,0.0,10.0,89.0,1.0,0.0
351,RB97,Demond Claiborne,RB,MIN,24.8,8.0,42.8,-139.2,170.4,-180.6,16.8,ACTIVE,vegas,0.0,0.0,0.0,138.0,1.0,4.0,30.0,0.0,1.0
352,RB98,Tahj Brooks,RB,CIN,24.4,6.9,42.4,-139.6,170.2,-181.8,18.4,ACTIVE,vegas,0.0,0.0,0.0,132.0,1.0,3.0,22.0,0.0,0.0
353,WR138,KeAndre Lambert-Smith,WR,LAC,35.5,17.3,54.3,-139.9,170.0,-183.0,18.1,ACTIVE,vegas,0.0,0.0,0.0,6.0,0.0,13.0,159.0,1.0,0.0
354,RB99,Kareem Hunt,RB,,24.1,6.9,42.7,-139.9,170.0,-184.0,,ACTIVE,vegas,0.0,0.0,0.0,130.0,1.0,3.0,22.0,0.25,0.78
355,RB100,George Holani,RB,SEA,23.9,7.0,41.5,-140.1,170.3,-184.7,41.5,ACTIVE,vegas,0.0,0.0,0.0,123.0,1.0,4.0,29.0,0.0,0.67
356,WR139,Treylon Burks,WR,WAS,34.8,16.8,53.5,-140.6,170.0,-186.0,45.0,ACTIVE,vegas,0.0,0.0,0.0,16.0,0.0,12.0,152.0,1.0,0.0
357,RB101,Desmond Reid,RB,,22.9,5.9,41.6,-141.1,,,,,vegas,0.0,0.0,0.0,122.0,1.0,4.0,31.0,0.0,1.2
358,WR140,Jalen Tolbert,WR,MIA,34.2,16.2,53.1,-141.2,170.5,-187.5,85.6,ACTIVE,vegas,0.0,0.0,0.0,0.0,0.0,13.0,152.0,1.0,0.0
359,RB102,Devin Singletary,RB,NYG,22.8,4.3,42.1,-141.2,170.0,-189.0,0.0,ACTIVE,vegas,0.0,0.0,0.0,41.0,2.1,5.0,32.0,0.0,1.04
360,WR141,Jalen Royals,WR,KC,33.9,16.6,52.2,-141.5,170.0,-190.0,18.4,ACTIVE,vegas,0.0,0.0,0.0,6.0,0.0,13.0,143.0,1.0,0.0
361,TE87,Connor Heyward,TE,LV,22.5,5.9,40.9,-141.5,170.0,-191.0,10.3,ACTIVE,vegas,0.0,0.0,0.0,14.0,1.0,4.0,33.0,1.3,0.0
362,RB103,Brashard Smith,RB,KC,22.5,5.9,40.7,-141.5,170.1,-191.9,1.0,ACTIVE,vegas,0.0,0.0,0.0,67.0,1.0,4.0,32.0,0.43,0.0
363,RB104,Audric Estime,RB,NO,22.0,5.3,39.7,-142.0,170.0,-193.0,,QUESTIONABLE,vegas,0.0,0.0,0.0,119.0,1.0,3.0,17.0,0.0,0.28
364,TE88,Mitchell Evans,TE,CAR,21.9,5.7,39.4,-142.1,170.0,-194.0,0.0,ACTIVE,vegas,0.0,0.0,0.0,1.04,0.0,8.0,77.0,1.01,0.0
365,RB105,Dameon Pierce,RB,PHI,21.8,5.2,39.9,-142.2,170.0,-195.0,,ACTIVE,vegas,0.0,0.0,0.0,106.0,1.0,3.0,22.0,0.0,0.0
366,RB106,Isaac Guerendo,RB,SF,21.2,4.7,39.2,-142.8,170.1,-195.9,1.0,OUT,vegas,0.0,0.0,0.0,116.0,1.0,2.0,16.0,0.0,0.0
367,WR142,Isaiah Williams,WR,NYJ,31.3,13.4,50.4,-144.1,170.0,-197.0,46.8,ACTIVE,vegas,0.0,0.0,0.0,18.0,0.0,12.0,135.0,1.0,1.0
368,WR143,Kyle Williams,WR,NE,31.2,13.3,49.8,-144.2,169.9,-198.1,22.6,ACTIVE,vegas,0.0,0.0,0.0,4.0,0.0,10.0,148.0,1.0,0.0
369,WR144,Joshua Palmer,WR,BUF,31.0,12.7,49.8,-144.4,169.9,-199.1,44.8,ACTIVE,vegas,0.0,0.0,0.0,0.0,0.0,12.0,146.0,1.0,0.8
370,TE89,Taysom Hill,TE,,19.6,2.1,38.2,-144.4,170.0,-200.0,,ACTIVE,vegas,42.88,0.6,0.59,20.0,1.68,4.0,35.0,0.0,1.46
371,RB107,Phil Mafah,RB,DAL,19.5,2.2,38.0,-144.5,170.2,-200.8,28.2,QUESTIONABLE,vegas,0.0,0.0,0.0,32.0,2.13,2.0,15.0,0.0,0.0
372,WR145,Kevin Coleman,WR,MIA,30.8,13.3,49.7,-144.6,170.0,-202.0,32.9,ACTIVE,vegas,0.0,0.0,0.0,0.0,0.0,12.0,144.0,1.0,0.8
373,TE90,Mo Alie-Cox,TE,IND,19.3,3.2,36.7,-144.7,170.0,-203.0,27.6,ACTIVE,vegas,0.0,0.0,0.0,0.0,0.0,8.0,74.0,0.65,0.0
374,WR146,Jimmy Horn,WR,CAR,30.2,13.0,48.5,-145.2,170.0,-204.0,21.2,ACTIVE,vegas,0.0,0.0,0.0,18.0,0.0,10.0,124.0,1.0,0.0
375,WR147,Devontez Walker,WR,BAL,29.9,12.7,48.5,-145.5,170.0,-205.0,44.0,ACTIVE,vegas,0.0,0.0,0.0,6.0,0.0,10.0,133.0,1.0,0.0
376,WR148,Nick Westbrook-Ikhine,WR,IND,29.5,12.0,47.9,-145.9,170.0,-206.0,17.3,ACTIVE,vegas,0.0,0.0,0.0,0.0,0.0,10.0,135.0,1.0,0.0
377,WR149,Colbie Young,WR,CIN,29.4,12.2,47.6,-146.0,170.0,-207.0,39.6,ACTIVE,vegas,0.0,0.0,0.0,0.0,0.0,11.0,140.0,1.0,0.8
378,RB108,Jam Miller,RB,NE,18.0,1.6,35.5,-146.0,170.0,-208.0,,ACTIVE,vegas,0.0,0.0,0.0,92.0,1.0,3.0,22.0,0.0,1.2
379,WR150,Tai Felton,WR,MIN,29.2,11.5,47.7,-146.2,170.0,-209.0,9.0,ACTIVE,vegas,0.0,0.0,0.0,6.0,0.0,10.0,126.0,1.0,0.0
380,WR151,Savion Williams,WR,GB,29.2,11.4,48.6,-146.2,170.2,-209.8,60.6,ACTIVE,vegas,0.0,0.0,0.0,42.0,0.0,10.0,118.0,1.0,1.39
381,WR152,Brandin Cooks,WR,,28.8,11.4,46.8,-146.6,170.0,-211.0,,ACTIVE,vegas,0.0,0.0,0.0,0.25,0.0,10.0,128.0,1.0,0.0
382,WR153,Aaron Anderson,WR,,28.6,11.2,48.0,-146.8,,,,,vegas,0.0,0.0,0.0,0.0,0.0,11.0,132.0,1.0,0.8
383,WR154,Eric McAlister,WR,,28.5,11.1,47.5,-146.9,,,,,vegas,0.0,0.0,0.0,0.0,0.0,11.0,131.0,1.0,0.8
384,WR155,Tyler Lockett,WR,,28.3,11.3,46.0,-147.1,170.0,-214.0,,ACTIVE,vegas,0.0,0.0,0.0,0.0,0.0,11.0,113.0,1.0,0.0
385,WR156,Odell Beckham,WR,NYG,28.0,10.6,46.5,-147.4,169.3,-215.7,24.1,ACTIVE,vegas,0.0,0.0,0.0,0.0,0.0,10.0,120.0,1.0,0.0
386,WR157,Eric Rivers,WR,,27.8,10.4,45.9,-147.6,,,,,vegas,0.0,0.0,0.0,0.0,0.0,11.0,124.0,1.0,0.8
387,RB109,Cam Akers,RB,,16.4,1.3,32.8,-147.6,170.0,-217.0,,ACTIVE,vegas,44.77,1.29,0.0,16.0,0.16,2.0,15.0,0.65,0.24
388,WR158,Kalif Raymond,WR,CHI,27.7,10.3,45.8,-147.7,170.0,-218.0,48.0,ACTIVE,vegas,0.0,0.0,0.0,11.0,0.0,9.0,116.0,1.0,0.0
389,RB110,Roschon Johnson,RB,CHI,16.0,0.0,33.0,-148.0,170.0,-219.0,,ACTIVE,vegas,0.0,0.0,0.0,42.0,1.4,2.0,14.0,0.0,0.0
390,WR159,David Sills,WR,TB,26.9,9.9,45.1,-148.5,170.0,-220.0,,ACTIVE,vegas,0.0,0.0,0.0,6.0,0.0,9.0,113.0,1.0,0.0
391,WR160,Marquez Valdes-Scantling,WR,DAL,26.9,10.2,45.1,-148.5,170.0,-221.0,,ACTIVE,vegas,0.0,0.0,0.0,6.0,0.0,8.0,123.0,1.0,0.0
392,TE91,Tip Reiman,TE,ARI,15.4,0.3,31.3,-148.6,170.0,-222.0,8.4,OUT,vegas,0.0,0.0,0.0,0.0,0.0,8.0,74.0,0.0,0.0
393,WR161,Jermaine Burton,WR,,26.0,9.3,43.4,-149.4,170.0,-223.0,,ACTIVE,vegas,0.0,0.0,0.0,6.0,0.0,8.0,114.0,1.0,0.0
394,WR162,Jahdae Walker,WR,CHI,25.9,8.8,44.2,-149.5,169.9,-224.1,8.7,ACTIVE,vegas,0.0,0.0,0.0,0.0,0.0,9.0,109.0,1.0,0.0
395,TE92,Luke Farrell,TE,SF,13.7,0.0,30.4,-150.3,170.0,-225.0,10.0,ACTIVE,vegas,0.0,0.0,0.0,0.0,0.0,5.0,51.0,0.89,0.86
396,TE93,Quintin Morris,TE,JAX,13.6,0.0,30.0,-150.4,170.0,-226.0,0.0,ACTIVE,vegas,0.0,0.0,0.0,0.0,0.0,4.0,40.0,0.94,0.0
397,RB111,Jeremy McNichols,RB,WAS,13.5,0.0,30.4,-150.5,170.0,-227.0,,QUESTIONABLE,vegas,0.0,0.0,0.0,42.0,0.98,3.0,22.0,0.0,0.88
398,QB32,Tua Tagovailoa,QB,ATL,121.9,86.0,159.9,-150.7,170.0,-228.0,114.9,ACTIVE,vegas,2141.0,14.0,8.0,43.0,0.0,0.0,0.0,0.0,4.0
399,WR163,Reggie Virgil,WR,ARI,24.5,7.7,42.1,-150.9,170.0,-229.0,8.1,ACTIVE,vegas,0.0,0.0,0.0,0.0,0.0,9.0,111.0,1.0,0.8
400,TE94,Foster Moreau,TE,HOU,13.0,0.0,29.2,-151.0,170.0,-230.0,19.1,ACTIVE,vegas,0.0,0.0,0.0,0.0,0.0,5.0,48.0,0.53,0.0
401,WR164,Xavier Smith,WR,LAR,24.1,6.8,41.9,-151.3,170.0,-231.0,11.6,ACTIVE,vegas,0.0,0.0,0.0,16.0,0.0,7.0,95.0,1.0,0.0
402,WR165,Roman Wilson,WR,PIT,24.0,6.6,42.2,-151.4,170.0,-232.0,28.9,ACTIVE,vegas,0.0,0.0,0.0,0.0,0.0,9.0,118.0,1.0,1.39
403,RB112,Raheem Mostert,RB,,12.5,0.0,28.9,-151.5,170.0,-233.0,,QUESTIONABLE,vegas,0.0,0.0,0.0,42.0,0.31,5.0,33.0,0.0,0.91
404,RB113,Michael Carter,RB,TEN,12.5,0.0,28.7,-151.5,170.0,-234.0,,ACTIVE,vegas,0.0,0.0,0.0,29.0,0.73,3.0,22.0,0.0,0.0
405,TE95,Payne Durham,TE,TB,12.1,0.0,28.2,-151.9,170.0,-235.0,18.1,ACTIVE,vegas,0.0,0.0,0.0,0.0,0.0,4.0,41.0,0.67,0.0
406,WR166,Lil'Jordan Humphrey,WR,DEN,23.4,6.8,41.4,-152.0,169.8,-236.2,,ACTIVE,vegas,0.0,0.0,0.0,0.0,0.0,8.0,100.0,1.0,0.32
407,RB114,Ty Chandler,RB,NO,12.0,0.0,28.2,-152.0,170.0,-237.0,,QUESTIONABLE,vegas,0.0,0.0,0.0,21.0,0.0,6.0,39.0,0.0,0.0
408,WR167,Jordan Whittington,WR,LAR,23.3,7.0,41.1,-152.1,169.9,-238.1,31.7,ACTIVE,vegas,0.0,0.0,0.0,6.0,0.0,8.0,87.0,1.0,0.0
409,TE96,Jack Stoll,TE,CLE,11.8,0.0,27.8,-152.2,170.0,-239.0,7.6,INJURY_RESERVE,vegas,0.0,0.0,0.0,0.0,0.0,4.0,35.0,0.71,0.0
410,RB115,Jaleel McLaughlin,RB,DEN,11.3,0.0,27.7,-152.7,170.0,-240.0,,ACTIVE,vegas,0.0,0.0,0.0,40.0,0.52,2.0,15.0,0.23,0.33
411,TE97,Jeremy Ruckert,TE,NYJ,10.9,0.0,27.1,-153.1,170.0,-241.0,25.3,ACTIVE,vegas,0.0,0.0,0.0,0.0,0.0,5.0,43.0,0.27,0.0
412,RB116,Ameer Abdullah,RB,JAX,10.4,0.0,26.6,-153.6,170.0,-242.0,,ACTIVE,vegas,0.0,0.0,0.0,13.0,0.61,2.0,15.0,0.47,0.46
413,WR168,Deion Burks,WR,IND,21.7,4.9,39.5,-153.7,170.0,-243.0,,ACTIVE,vegas,0.0,0.0,0.0,2.0,0.0,8.0,91.0,1.0,0.8
414,WR169,Tim Patrick,WR,NYJ,21.7,5.2,40.1,-153.7,170.0,-244.0,,ACTIVE,vegas,0.0,0.0,0.0,0.0,0.0,6.0,77.0,1.34,0.0
415,TE98,Nate Adkins,TE,DEN,10.0,0.0,26.1,-154.0,170.0,-245.0,18.7,ACTIVE,vegas,0.0,0.0,0.0,0.0,0.0,3.0,27.0,0.71,0.0
416,TE99,Davis Allen,TE,LAR,10.0,0.0,26.0,-154.0,170.0,-246.0,19.5,QUESTIONABLE,vegas,0.0,0.0,0.0,0.0,0.0,3.0,29.0,0.68,0.0
417,TE100,Durham Smythe,TE,BAL,9.9,0.0,25.8,-154.1,170.0,-247.0,23.6,ACTIVE,vegas,0.0,0.0,0.0,0.0,0.0,5.0,49.0,0.0,0.0
418,TE101,Josh Whyle,TE,GB,9.4,0.0,25.1,-154.6,170.0,-248.0,8.8,ACTIVE,vegas,0.0,0.0,0.0,0.0,0.0,3.0,32.0,0.54,0.0
419,RB117,Elijah Mitchell,RB,,9.3,0.0,25.0,-154.7,170.0,-249.0,,QUESTIONABLE,vegas,0.0,0.0,0.0,59.0,0.0,2.0,14.0,0.0,0.0
420,TE102,Tanner Hudson,TE,CIN,9.1,0.0,24.8,-154.9,170.0,-250.0,29.4,ACTIVE,vegas,0.0,0.0,0.0,0.44,0.0,3.0,28.0,0.72,0.52
421,TE103,Devin Culp,TE,TB,9.0,0.0,24.7,-155.0,170.0,-251.0,0.0,ACTIVE,vegas,0.0,0.0,0.0,0.0,0.0,4.0,33.0,0.28,0.0
422,RB118,Jaydn Ott,RB,,8.8,0.0,25.1,-155.2,,,,,vegas,0.0,0.0,0.0,63.0,0.0,3.0,19.0,0.0,1.2
423,RB119,Dare Ogunbowale,RB,LV,8.4,0.0,25.1,-155.6,170.0,-253.0,,ACTIVE,vegas,0.0,0.0,0.0,8.0,0.3,4.0,27.0,0.16,0.93
424,RB120,Kendre Miller,RB,NO,8.4,0.0,23.4,-155.6,170.2,-253.8,15.9,ACTIVE,vegas,0.0,0.0,0.0,20.0,0.47,2.0,16.0,0.0,0.0
425,TE104,Lucas Krull,TE,DEN,8.1,0.0,23.2,-155.9,170.0,-255.0,0.0,ACTIVE,vegas,0.0,0.0,0.0,0.0,0.0,4.0,41.0,0.0,0.0
426,TE105,Riley Nowakowski,TE,PIT,8.0,0.0,24.0,-156.0,170.0,-256.0,8.1,ACTIVE,vegas,0.0,0.0,0.0,0.0,0.0,5.0,46.0,0.0,0.8
427,TE106,Charlie Woerner,TE,ATL,8.0,0.0,23.1,-156.0,170.0,-257.0,8.2,ACTIVE,vegas,0.0,0.0,0.0,0.0,0.0,4.0,40.0,0.0,0.0
428,TE107,Tucker Fisk,TE,,7.5,0.0,23.2,-156.5,170.0,-258.0,,ACTIVE,vegas,0.0,0.0,0.0,0.0,0.0,4.0,35.0,0.0,0.0
429,TE108,Dallin Holker,TE,,7.5,0.0,23.1,-156.5,170.0,-259.0,,ACTIVE,vegas,0.0,0.0,0.0,0.0,0.0,4.0,35.0,0.0,0.0
430,RB121,Raheim Sanders,RB,CLE,7.5,0.0,23.0,-156.5,170.0,-260.0,,ACTIVE,vegas,0.0,0.0,0.0,20.0,0.46,2.0,7.0,0.0,0.0
431,RB122,Pierre Strong,RB,GB,7.5,0.0,23.0,-156.5,170.0,-261.0,,ACTIVE,vegas,0.0,0.0,0.0,41.0,0.0,2.0,14.0,0.0,0.0
432,RB123,Jarquez Hunter,RB,LAR,7.2,0.0,23.4,-156.8,170.0,-262.0,,ACTIVE,vegas,0.0,0.0,0.0,63.0,0.0,2.0,13.0,0.0,1.2
433,TE109,Blake Whiteheart,TE,CLE,7.2,0.0,22.8,-156.8,170.0,-263.0,0.0,ACTIVE,vegas,0.0,0.0,0.0,0.0,0.0,2.0,24.0,0.46,0.0
434,RB124,Ronnie Rivers,RB,LAR,7.1,0.0,22.0,-156.9,170.0,-264.0,,ACTIVE,vegas,0.0,0.0,0.0,21.0,0.0,3.0,20.0,0.0,0.0
435,RB125,Tyler Goodson,RB,ATL,6.8,0.0,21.8,-157.2,170.0,-265.0,,ACTIVE,vegas,0.0,0.0,0.0,13.0,0.14,2.0,15.0,0.2,0.0
436,TE110,Eric Saubert,TE,SEA,6.8,0.0,22.0,-157.2,170.0,-266.0,8.6,ACTIVE,vegas,0.0,0.0,0.0,0.0,0.0,3.0,27.0,0.19,0.0
437,TE111,Seydou Traore,TE,MIA,6.4,0.0,22.0,-157.6,170.0,-267.0,,ACTIVE,vegas,0.0,0.0,0.0,0.0,0.0,4.0,40.0,0.0,0.8
438,TE112,Brevin Jordan,TE,HOU,6.1,0.0,21.3,-157.9,170.0,-268.0,,QUESTIONABLE,vegas,0.0,0.0,0.0,0.0,0.0,4.0,21.0,0.0,0.0
439,RB126,Dean Connors,RB,,6.0,0.0,21.9,-158.0,,,,,vegas,0.0,0.0,0.0,46.0,0.0,2.0,18.0,0.0,1.2
440,TE113,Jack Velling,TE,,5.7,0.0,21.3,-158.3,,,,,vegas,0.0,0.0,0.0,0.0,0.0,4.0,33.0,0.0,0.8
441,RB127,Kalel Mullings,RB,TEN,5.6,0.0,20.8,-158.4,170.0,-271.0,,QUESTIONABLE,vegas,0.0,0.0,0.0,20.0,0.0,2.0,16.0,0.0,0.0
442,RB128,Julius Chestnut,RB,TEN,5.6,0.0,20.4,-158.4,170.0,-272.0,,ACTIVE,vegas,0.0,0.0,0.0,20.0,0.0,2.0,16.0,0.0,0.0
443,TE114,Julian Hill,TE,NE,5.6,0.0,21.0,-158.4,170.0,-273.0,0.0,INJURY_RESERVE,vegas,0.0,0.0,0.0,0.0,0.0,3.0,26.0,0.0,0.0
444,RB129,Zavier Scott,RB,MIN,5.3,0.0,21.1,-158.7,170.0,-274.0,0.0,ACTIVE,vegas,0.0,0.0,0.0,21.0,0.0,2.0,15.0,0.42,1.39
445,RB130,Kenny McIntosh,RB,,5.2,0.0,20.3,-158.8,170.0,-275.0,,ACTIVE,vegas,0.0,0.0,0.0,16.0,0.0,2.0,16.0,0.0,0.0
446,RB131,Damien Martinez,RB,GB,5.1,0.0,20.3,-158.9,170.0,-276.0,,ACTIVE,vegas,0.0,0.0,0.0,41.0,0.0,2.0,14.0,0.0,1.2
447,RB132,Tyler Badie,RB,DEN,5.0,0.0,20.8,-159.0,170.1,-276.9,0.4,ACTIVE,vegas,0.0,0.0,0.0,16.0,0.0,4.0,28.0,0.0,1.71
448,TE115,Stone Smartt,TE,PHI,4.9,0.0,20.0,-159.1,170.0,-278.0,,ACTIVE,vegas,0.0,0.0,0.0,0.0,0.0,3.0,27.0,0.0,0.39
449,WR170,Ben Skowronek,WR,PIT,16.2,0.7,33.2,-159.2,170.0,-279.0,3.9,ACTIVE,vegas,0.0,0.0,0.0,6.0,0.0,4.8,72.9,0.59,0.0
450,RB133,Clyde Edwards-Helaire,RB,,4.7,0.0,19.4,-159.3,170.0,-280.0,,ACTIVE,vegas,0.0,0.0,0.0,8.0,0.0,2.37,14.88,0.0,0.0
451,RB134,Antonio Gibson,RB,,4.5,0.0,20.1,-159.5,170.0,-281.0,,QUESTIONABLE,vegas,0.0,0.0,0.0,4.0,0.67,2.0,15.0,0.0,1.69
452,RB135,Craig Reynolds,RB,WAS,4.4,0.0,19.8,-159.6,170.0,-282.0,,ACTIVE,vegas,0.0,0.0,0.0,8.0,0.0,2.0,16.0,0.0,0.0
453,RB136,Zamir White,RB,SF,4.4,0.0,19.6,-159.6,170.0,-283.0,,ACTIVE,vegas,0.0,0.0,0.0,21.0,0.12,2.0,10.0,0.0,0.73
454,RB137,Jacardia Wright,RB,SEA,4.3,0.0,19.0,-159.7,170.0,-284.0,,ACTIVE,vegas,0.0,0.0,0.0,8.0,0.0,2.0,15.0,0.0,0.0
455,TE116,Tyler Conklin,TE,DET,4.2,0.0,19.2,-159.8,170.0,-285.0,8.9,ACTIVE,vegas,0.0,0.0,0.0,1.99,0.0,1.0,7.0,0.38,0.0
456,TE117,Cameron Latu,TE,PHI,4.0,0.0,19.1,-160.0,170.0,-286.0,,ACTIVE,vegas,0.0,0.0,0.0,0.0,0.0,2.0,20.0,0.0,0.0
457,TE118,Chris Manhertz,TE,NYG,4.0,0.0,19.5,-160.0,170.0,-287.0,4.1,ACTIVE,vegas,0.0,0.0,0.0,0.0,0.0,1.0,13.0,0.29,0.0
458,TE119,Kylen Granson,TE,TEN,4.0,0.0,18.6,-160.0,170.0,-288.0,,ACTIVE,vegas,0.0,0.0,0.0,0.0,0.0,2.0,20.0,0.0,0.0
459,TE120,Harrison Bryant,TE,,4.0,0.0,18.7,-160.0,170.0,-289.0,,QUESTIONABLE,vegas,0.0,0.0,0.0,0.0,0.0,2.0,20.0,0.0,0.0
460,TE121,Ian Thomas,TE,LV,4.0,0.0,19.1,-160.0,170.0,-290.0,8.3,ACTIVE,vegas,0.0,0.0,0.0,0.0,0.0,2.0,20.0,0.0,0.0
461,RB138,Sione Vaki,RB,DET,4.0,0.0,19.2,-160.0,170.0,-291.0,,QUESTIONABLE,vegas,0.0,0.0,0.0,4.0,0.0,2.0,16.0,0.0,0.0
462,TE122,Ben Yurosek,TE,MIN,4.0,0.0,19.0,-160.0,170.0,-292.0,,ACTIVE,vegas,0.0,0.0,0.0,0.0,0.0,2.0,20.0,0.0,0.0
463,WR171,Luke McCaffrey,WR,WAS,15.2,0.0,32.0,-160.2,169.9,-293.1,18.5,ACTIVE,vegas,0.0,0.0,0.0,0.0,0.0,4.0,53.0,0.99,0.0
464,TE123,Drew Ogletree,TE,IND,3.8,0.0,19.2,-160.2,170.0,-294.0,8.8,ACTIVE,vegas,0.0,0.0,0.0,0.0,0.0,3.0,24.0,0.0,0.8
465,RB139,Dylan Laube,RB,LV,3.0,0.0,18.6,-161.0,170.1,-294.9,0.7,ACTIVE,vegas,0.0,0.0,0.0,21.0,0.0,2.0,10.0,0.0,1.07
466,TE124,Ko Kieft,TE,TB,2.3,0.0,16.4,-161.7,170.0,-296.0,9.1,ACTIVE,vegas,0.0,0.0,0.0,0.0,0.0,1.0,13.0,0.0,0.0
467,TE125,Shane Zylstra,TE,BUF,2.3,0.0,17.1,-161.7,170.0,-297.0,,ACTIVE,vegas,0.0,0.0,0.0,0.0,0.0,1.0,13.0,0.0,0.0
468,TE126,Max Bredeson,TE,MIN,2.2,0.0,17.0,-161.8,170.0,-298.0,9.6,ACTIVE,vegas,0.0,0.0,0.0,3.0,0.0,2.0,15.0,0.0,0.8
469,TE127,Feleipe Franks,TE,CAR,1.9,0.0,16.1,-162.1,170.0,-299.0,,ACTIVE,vegas,0.0,0.0,0.0,2.0,0.0,1.0,7.0,0.0,0.0
470,TE128,Robert Tonyan,TE,PIT,1.9,0.0,16.3,-162.1,170.0,-300.0,,ACTIVE,vegas,0.0,0.0,0.0,0.0,0.0,1.0,9.0,0.0,0.0
471,WR172,Tutu Atwell,WR,MIA,13.0,0.0,29.4,-162.4,170.1,-300.9,57.0,ACTIVE,vegas,0.0,0.0,0.0,5.0,0.0,4.0,62.0,0.38,0.0
472,RB140,Jamal Haynes,RB,,1.6,0.0,16.6,-162.4,,,,,vegas,0.0,0.0,0.0,25.0,0.0,1.0,5.0,0.0,1.2
473,WR173,Allen Lazard,WR,,12.9,0.0,29.2,-162.5,170.0,-303.0,,ACTIVE,vegas,0.0,0.0,0.0,0.0,0.0,3.0,34.0,1.09,0.0
474,WR174,Tyrell Shavers,WR,BUF,12.4,0.0,29.1,-163.0,170.0,-304.0,11.0,OUT,vegas,0.0,0.0,0.0,1.0,0.0,2.0,19.0,1.4,0.0
475,WR175,Cedric Tillman,WR,CLE,12.0,0.0,28.8,-163.4,170.0,-305.0,7.3,QUESTIONABLE,vegas,0.0,0.0,0.0,0.43,0.0,3.0,36.0,1.09,0.59
476,WR176,Bo Melton,WR,GB,12.0,0.0,27.9,-163.4,170.0,-306.0,11.7,ACTIVE,vegas,0.0,0.0,0.0,6.0,0.0,4.0,52.0,0.36,0.0
477,WR177,James Proche,WR,,11.8,0.0,27.8,-163.6,170.0,-307.0,,ACTIVE,vegas,0.0,0.0,0.0,6.0,0.0,5.42,57.85,0.0,0.0
478,WR178,Isaiah Hodgins,WR,NYG,11.7,0.0,27.9,-163.7,170.0,-308.0,,ACTIVE,vegas,0.0,0.0,0.0,0.0,0.0,4.0,52.0,0.42,0.0
479,WR179,Theo Wease,WR,MIA,11.4,0.0,27.7,-164.0,170.0,-309.0,0.0,ACTIVE,vegas,0.0,0.0,0.0,0.0,0.0,4.0,49.0,0.42,0.0
480,RB141,Donovan Edwards,RB,MIA,-0.3,0.0,14.6,-164.3,170.0,-310.0,,ACTIVE,vegas,0.0,0.0,0.0,21.0,0.0,0.0,0.0,0.0,1.2
481,WR180,DeAndre Hopkins,WR,,10.4,0.0,26.4,-165.0,170.0,-311.0,,ACTIVE,vegas,0.0,0.0,0.0,0.0,0.0,1.0,15.0,1.32,0.0
482,WR181,Van Jefferson,WR,WAS,10.3,0.0,26.9,-165.1,170.0,-312.0,0.0,ACTIVE,vegas,0.0,0.0,0.0,0.0,0.0,3.0,38.0,0.58,0.0
483,WR182,Cody White,WR,SEA,10.1,0.0,25.9,-165.3,170.0,-313.0,,ACTIVE,vegas,0.0,0.0,0.0,0.0,0.0,4.0,45.0,0.27,0.0
484,WR183,Noah Brown,WR,LV,9.9,0.0,26.5,-165.5,170.0,-314.0,,ACTIVE,vegas,0.0,0.0,0.0,0.0,0.0,4.0,53.0,0.1,0.0
485,WR184,Kameron Johnson,WR,TB,9.3,0.0,25.0,-166.1,170.0,-315.0,3.6,ACTIVE,vegas,0.0,0.0,0.0,17.59,0.0,2.0,28.0,0.45,0.0
486,WR185,Tyler Johnson,WR,DAL,9.2,0.0,24.8,-166.2,170.0,-316.0,,ACTIVE,vegas,0.0,0.0,0.0,0.0,0.0,3.0,35.0,0.45,0.0
487,WR186,Kevin Austin,WR,NO,8.6,0.0,24.1,-166.8,170.0,-317.0,0.0,ACTIVE,vegas,0.0,0.0,0.0,1.0,0.0,3.0,34.0,0.35,0.0
488,WR187,Curtis Samuel,WR,,8.4,0.0,24.3,-167.0,170.0,-318.0,,ACTIVE,vegas,0.0,0.0,0.0,6.0,0.0,2.0,27.0,0.51,0.0
489,WR188,JuJu Smith-Schuster,WR,,7.9,0.0,23.6,-167.5,170.0,-319.0,0.0,QUESTIONABLE,vegas,0.0,0.0,0.0,1.0,0.0,2.0,20.0,0.64,0.0
490,WR189,David Moore,WR,CAR,7.9,0.0,22.8,-167.5,170.0,-320.0,0.0,ACTIVE,vegas,0.0,0.0,0.0,20.51,0.0,2.0,23.0,0.25,0.0
491,WR190,Nikko Remigio,WR,KC,7.7,0.0,23.4,-167.7,170.0,-321.0,1.4,ACTIVE,vegas,0.0,0.0,0.0,6.0,0.0,2.06,50.2,0.0,0.0
492,WR191,Chris Moore,WR,BAL,7.6,0.0,22.9,-167.8,170.0,-322.0,,ACTIVE,vegas,0.0,0.0,0.0,9.06,0.0,2.0,21.0,0.43,0.0
493,WR192,Josh Reynolds,WR,,7.3,0.0,22.8,-168.1,170.0,-323.0,,ACTIVE,vegas,0.0,0.0,0.0,0.0,0.0,3.0,35.0,0.13,0.0
494,WR193,Efton Chism,WR,NE,7.3,0.0,22.7,-168.1,169.9,-324.1,0.5,ACTIVE,vegas,0.0,0.0,0.0,1.0,0.0,2.0,25.0,0.45,0.0
495,WR194,Jalen Brooks,WR,ARI,7.1,0.0,22.3,-168.3,170.0,-325.0,0.3,ACTIVE,vegas,0.0,0.0,0.0,0.0,0.0,3.0,35.0,0.1,0.0
496,WR195,Xavier Weaver,WR,ARI,7.1,0.0,22.5,-168.3,170.0,-326.0,0.0,INJURY_RESERVE,vegas,0.0,0.0,0.0,6.0,0.0,3.0,35.0,0.0,0.0
497,WR196,Arian Smith,WR,NYJ,7.1,0.0,22.5,-168.3,170.0,-327.0,3.5,ACTIVE,vegas,0.0,0.0,0.0,6.0,0.0,3.0,35.0,0.0,0.0
498,WR197,Tylan Wallace,WR,CLE,6.8,0.0,21.8,-168.6,170.0,-328.0,0.0,ACTIVE,vegas,0.0,0.0,0.0,0.0,0.0,2.0,22.0,0.43,0.0
499,WR198,Darius Cooper,WR,PHI,6.7,0.0,21.8,-168.7,170.0,-329.0,8.5,ACTIVE,vegas,0.0,0.0,0.0,0.0,0.0,3.0,37.0,0.0,0.0
500,WR199,Dante Pettis,WR,BUF,6.4,0.0,22.1,-169.0,170.0,-330.0,,ACTIVE,vegas,0.0,0.0,0.0,6.0,0.0,3.0,37.0,0.16,0.91
501,WR200,Jake Bobo,WR,SEA,5.0,0.0,19.9,-170.4,170.0,-331.0,,INJURY_RESERVE,vegas,0.0,0.0,0.0,0.0,0.0,2.0,22.0,0.13,0.0
502,WR201,Noah Thomas,WR,,5.0,0.0,20.4,-170.4,,,,,vegas,0.0,0.0,0.0,0.0,0.0,3.0,36.0,0.0,0.8
503,WR202,Trebor Pena,WR,,5.0,0.0,20.1,-170.4,,,,,vegas,0.0,0.0,0.0,0.0,0.0,3.0,36.0,0.0,0.8
504,WR203,Chase Roberts,WR,,5.0,0.0,20.4,-170.4,,,,,vegas,0.0,0.0,0.0,0.0,0.0,3.0,36.0,0.0,0.8
505,WR204,Dane Key,WR,,5.0,0.0,20.0,-170.4,,,,,vegas,0.0,0.0,0.0,0.0,0.0,3.0,36.0,0.0,0.8
506,WR205,Malachi Corley,WR,CLE,4.9,0.0,20.4,-170.5,170.0,-336.0,9.5,ACTIVE,vegas,0.0,0.0,0.0,28.0,0.0,2.0,20.0,0.0,0.95
507,WR206,Dee Eskridge,WR,,4.9,0.0,20.0,-170.5,170.0,-337.0,,ACTIVE,vegas,0.0,0.0,0.0,6.0,0.0,2.0,23.0,0.0,0.0
508,WR207,Xavier Restrepo,WR,TEN,4.8,0.0,19.9,-170.6,170.0,-338.0,,ACTIVE,vegas,0.0,0.0,0.0,6.0,0.0,2.0,22.0,0.0,0.0
509,WR208,Dont'e Thornton,WR,LV,4.7,0.0,19.9,-170.7,170.0,-339.0,16.1,QUESTIONABLE,vegas,0.0,0.0,0.0,0.0,0.0,2.0,27.0,0.0,0.0
510,WR209,Dyami Brown,WR,WAS,4.7,0.0,19.8,-170.7,170.0,-340.0,47.0,ACTIVE,vegas,0.0,0.0,0.0,6.0,0.0,2.0,23.0,0.45,1.43
511,WR210,Dareke Young,WR,LV,4.6,0.0,19.4,-170.8,170.0,-341.0,0.4,ACTIVE,vegas,0.0,0.0,0.0,0.0,0.0,2.0,26.0,0.0,0.0
512,WR211,Trent Sherfield,WR,BUF,4.6,0.0,19.5,-170.8,170.0,-342.0,,ACTIVE,vegas,0.0,0.0,0.0,0.0,0.0,2.0,19.0,0.12,0.0
513,QB33,Michael Penix,QB,ATL,101.4,71.2,132.1,-171.2,170.1,-342.9,113.6,QUESTIONABLE,vegas,1567.0,10.0,5.0,67.0,1.0,0.0,0.0,0.0,2.0
514,WR212,Ashton Dulin,WR,IND,4.0,0.0,18.8,-171.4,170.0,-344.0,29.9,ACTIVE,vegas,0.0,0.0,0.0,6.0,0.0,1.0,14.0,0.16,0.0
515,WR213,Anthony Gould,WR,IND,3.2,0.0,17.3,-172.2,170.0,-345.0,1.4,QUESTIONABLE,vegas,0.0,0.0,0.0,6.0,0.0,1.0,16.0,0.0,0.0
516,WR214,Skyy Moore,WR,GB,3.0,0.0,17.7,-172.4,170.0,-346.0,0.4,ACTIVE,vegas,0.0,0.0,0.0,6.0,0.0,1.0,14.0,0.0,0.0
517,WR215,Ricky White,WR,SEA,2.6,0.0,17.6,-172.8,170.0,-347.0,,ACTIVE,vegas,0.0,0.0,0.0,0.0,0.0,2.0,22.0,0.0,0.8
518,WR216,Kaden Wetjen,WR,PIT,2.6,0.0,17.4,-172.8,169.9,-348.1,4.1,ACTIVE,vegas,0.0,0.0,0.0,0.0,0.0,2.0,22.0,0.0,0.8
519,WR217,Jordan Watkins,WR,SF,2.4,0.0,17.0,-173.0,170.0,-349.0,,ACTIVE,vegas,0.0,0.0,0.0,0.0,0.0,1.0,14.0,0.0,0.0
520,WR218,Jacob Cowing,WR,SF,2.4,0.0,16.8,-173.0,170.0,-350.0,1.1,ACTIVE,vegas,0.0,0.0,0.0,7.01,0.0,1.0,7.0,0.0,0.0
521,WR219,Gage Larvadain,WR,CLE,2.2,0.0,16.8,-173.2,170.0,-351.0,0.7,ACTIVE,vegas,0.0,0.0,0.0,3.15,0.0,1.0,9.0,0.0,0.0
522,WR220,DeAndre Carter,WR,,1.8,0.0,16.1,-173.6,170.0,-352.0,,ACTIVE,vegas,0.0,0.0,0.0,11.0,0.0,1.0,17.0,0.0,1.0
523,WR221,LaJohntay Wester,WR,BAL,1.0,0.0,15.7,-174.4,170.0,-353.0,1.9,ACTIVE,vegas,0.0,0.0,0.0,6.0,0.0,1.0,14.0,0.0,1.0
524,QB34,Deshaun Watson,QB,CLE,96.1,66.8,127.5,-176.5,170.1,-353.9,123.9,ACTIVE,vegas,1374.0,8.0,6.0,131.0,2.0,0.0,0.0,0.0,2.0
525,QB35,Shedeur Sanders,QB,CLE,92.1,64.2,121.8,-180.5,169.6,-355.4,98.0,ACTIVE,vegas,1433.0,7.0,5.0,88.0,2.0,0.0,0.0,0.0,2.0
526,QB36,Carson Beck,QB,ARI,50.9,29.1,74.3,-221.7,169.9,-356.1,29.3,QUESTIONABLE,vegas,778.0,5.0,4.0,38.0,1.0,0.0,0.0,0.0,1.0
527,QB37,Kirk Cousins,QB,LV,42.0,21.2,63.5,-230.6,169.9,-357.1,45.8,ACTIVE,vegas,639.0,5.0,3.0,6.0,0.97,0.0,0.0,0.0,2.0
528,QB38,Justin Fields,QB,KC,32.7,14.6,51.7,-239.9,169.9,-358.1,10.7,ACTIVE,vegas,363.0,2.0,2.0,102.0,1.0,0.0,0.0,0.0,1.0
529,QB39,Taylen Green,QB,CLE,28.3,10.1,47.5,-244.3,170.0,-359.0,,ACTIVE,vegas,335.0,2.0,2.0,69.0,1.0,0.0,0.0,0.0,1.0
530,QB40,Derek Carr,QB,NO,27.9,10.6,46.3,-244.7,170.0,-360.0,,,vegas,447.0,3.0,2.0,13.0,0.46,0.0,0.0,0.0,1.0
531,QB41,Jameis Winston,QB,NYG,26.1,8.1,45.5,-246.5,169.9,-361.1,8.6,ACTIVE,vegas,214.0,1.0,1.0,13.0,0.71,1.33,44.83,1.46,2.28
532,QB42,Mac Jones,QB,SF,25.9,8.7,44.4,-246.7,170.0,-362.0,8.6,ACTIVE,vegas,423.0,3.0,2.0,18.0,0.19,0.0,0.0,0.0,1.0
533,QB43,Gardner Minshew,QB,ARI,23.5,6.1,41.9,-249.1,170.0,-363.0,7.1,ACTIVE,vegas,394.0,3.0,2.0,22.0,0.0,0.0,0.0,0.0,1.22
534,QB44,Anthony Richardson,QB,IND,22.4,5.8,40.2,-250.2,170.0,-364.0,,ACTIVE,vegas,193.0,1.0,1.0,46.0,1.0,1.94,16.37,0.0,0.75
535,QB45,Will Howard,QB,PIT,20.5,4.8,37.8,-252.1,170.0,-365.0,0.0,ACTIVE,vegas,410.0,2.0,2.0,21.0,0.0,0.0,0.0,0.0,1.0
536,QB46,Drew Allar,QB,PIT,20.0,4.2,36.7,-252.6,169.9,-366.1,9.5,ACTIVE,vegas,398.0,2.0,2.0,21.0,0.0,0.0,0.0,0.0,1.0
537,QB47,Joshua Dobbs,QB,DET,18.5,1.8,36.2,-254.1,169.9,-367.1,8.7,ACTIVE,vegas,195.0,1.0,1.0,16.0,1.45,0.0,0.0,0.0,0.81
538,QB48,Joe Flacco,QB,CIN,17.2,0.0,35.9,-255.4,169.9,-368.1,10.5,ACTIVE,vegas,448.0,3.0,2.0,8.0,0.25,0.0,0.0,0.0,5.51
539,QB49,Cade Klubnik,QB,NYJ,17.0,1.2,33.8,-255.6,170.0,-369.0,8.2,ACTIVE,vegas,400.0,2.0,2.0,20.0,0.0,0.0,0.0,0.0,2.5
540,QB50,Riley Leonard,QB,IND,17.0,0.9,33.5,-255.6,170.0,-370.0,9.4,ACTIVE,vegas,196.0,1.0,1.0,16.0,1.38,0.0,0.01,0.0,1.38
541,QB51,J.J. McCarthy,QB,MIN,12.9,0.0,30.0,-259.7,169.7,-371.3,39.8,QUESTIONABLE,vegas,213.0,1.0,1.0,21.0,1.0,0.0,0.0,0.0,2.84
542,QB52,Davis Mills,QB,HOU,12.7,0.0,27.9,-259.9,170.0,-372.0,8.4,ACTIVE,vegas,211.0,1.0,1.0,6.0,0.28,0.0,0.0,0.0,0.0
543,QB53,Quinn Ewers,QB,MIA,12.4,0.0,27.4,-260.2,170.0,-373.0,7.3,ACTIVE,vegas,195.0,1.0,1.0,16.0,0.0,0.98,0.02,0.0,0.0
544,QB54,Tyrod Taylor,QB,GB,12.0,0.0,28.0,-260.6,170.0,-374.0,9.2,ACTIVE,vegas,205.0,1.0,1.0,17.0,0.24,0.0,0.0,0.0,0.69
545,QB55,Trey Lance,QB,LAC,11.9,0.0,27.8,-260.7,170.0,-375.0,9.4,ACTIVE,vegas,183.0,1.0,1.0,43.0,0.0,0.0,0.0,0.0,0.88
546,QB56,Tyler Huntley,QB,BAL,11.7,0.0,27.7,-260.9,170.0,-376.0,8.7,ACTIVE,vegas,182.0,1.0,1.0,24.0,0.34,0.0,0.0,0.0,1.01
547,QB57,Marcus Mariota,QB,WAS,11.7,0.0,28.3,-260.9,170.0,-377.0,10.2,QUESTIONABLE,vegas,188.0,1.0,1.0,26.0,0.61,0.0,0.0,0.0,2.05
548,QB58,Tyson Bagent,QB,CHI,11.5,0.0,26.4,-261.1,170.0,-378.0,10.1,QUESTIONABLE,vegas,195.0,1.0,1.0,17.0,0.0,0.0,0.0,0.0,0.0
549,QB59,Tommy DeVito,QB,NE,11.4,0.0,26.8,-261.2,169.9,-379.1,10.3,ACTIVE,vegas,202.0,1.0,1.0,13.0,0.0,0.0,0.0,0.0,0.0
550,QB60,Carson Wentz,QB,MIN,11.4,0.0,26.9,-261.2,170.0,-380.0,,ACTIVE,vegas,221.0,1.0,1.0,6.0,0.0,0.0,0.0,0.0,0.0
551,QB61,Tanner McKee,QB,PHI,11.4,0.0,26.7,-261.2,170.0,-381.0,9.5,ACTIVE,vegas,198.0,1.0,1.0,15.0,0.0,0.0,0.0,0.0,0.0
552,QB62,Jimmy Garoppolo,QB,LAR,11.3,0.0,26.3,-261.3,170.0,-382.0,,ACTIVE,vegas,218.0,1.0,1.0,6.0,0.0,0.0,0.0,0.0,0.0
553,QB63,Jarrett Stidham,QB,DEN,11.2,0.0,26.6,-261.4,170.0,-383.0,10.4,ACTIVE,vegas,198.0,1.0,1.0,13.0,0.0,0.0,0.0,0.0,0.0
554,QB64,Kyle Allen,QB,BUF,11.0,0.0,26.0,-261.6,170.0,-384.0,8.1,ACTIVE,vegas,195.0,1.0,1.0,12.0,0.0,0.0,0.0,0.0,0.0
555,QB65,Nick Mullens,QB,JAX,11.0,0.0,26.5,-261.6,170.0,-385.0,10.3,ACTIVE,vegas,211.0,1.0,1.0,6.0,0.0,0.0,0.0,0.0,0.0
556,QB66,Mitchell Trubisky,QB,TEN,10.9,0.0,26.0,-261.7,170.0,-386.0,7.8,QUESTIONABLE,vegas,186.0,1.0,1.0,15.0,0.0,0.0,0.0,0.0,0.0
557,QB67,Dillon Gabriel,QB,CLE,10.9,0.0,26.5,-261.7,170.0,-387.0,,ACTIVE,vegas,189.0,1.0,1.0,13.0,0.0,0.0,0.0,0.0,0.0
558,QB68,Clayton Tune,QB,,10.8,0.0,26.3,-261.8,170.0,-388.0,,ACTIVE,vegas,195.0,1.0,1.0,16.0,0.0,0.0,0.0,0.0,0.31
559,QB69,Teddy Bridgewater,QB,DET,10.6,0.0,25.6,-262.0,170.0,-389.0,0.0,ACTIVE,vegas,202.0,1.0,1.0,5.0,0.0,0.0,0.0,0.0,0.0
560,QB70,Jalen Milroe,QB,SEA,10.0,0.0,26.2,-262.6,170.0,-390.0,,ACTIVE,vegas,164.0,1.0,1.0,43.0,0.0,0.0,0.0,0.0,1.41
561,QB71,Joe Milton,QB,DAL,10.0,0.0,26.2,-262.6,169.9,-391.1,0.0,ACTIVE,vegas,195.0,1.0,1.0,16.0,0.49,0.0,0.0,0.0,2.15
562,QB72,Mason Rudolph,QB,PIT,8.5,0.0,24.3,-264.1,170.0,-392.0,0.0,ACTIVE,vegas,202.0,1.0,1.0,6.0,0.12,0.0,0.0,0.0,1.46
563,QB73,Ty Simpson,QB,LAR,7.6,0.0,23.5,-265.0,169.9,-393.1,10.0,ACTIVE,vegas,218.0,1.0,1.0,19.0,0.0,0.0,0.0,0.0,2.5
564,QB74,Diego Pavia,QB,,6.5,0.0,22.6,-266.1,,,,,vegas,183.0,1.0,1.0,22.0,0.0,0.0,0.0,0.0,2.5
565,QB75,Andy Dalton,QB,PHI,6.5,0.0,21.8,-266.1,170.0,-395.0,,ACTIVE,vegas,208.0,1.0,1.0,5.0,0.0,0.0,0.0,0.0,2.17
566,QB76,Spencer Rattler,QB,NO,5.5,0.0,21.7,-267.1,170.0,-396.0,9.0,ACTIVE,vegas,202.0,1.0,1.0,16.0,0.0,0.61,0.0,0.0,3.41
567,QB77,Will Levis,QB,TEN,-5.2,0.0,12.3,-277.8,170.0,-397.0,,ACTIVE,vegas,205.0,1.0,1.0,15.0,0.0,0.0,0.0,0.0,8.44
568,DST1,LAR,DST,LAR,116.0,92.8,139.2,18.0,105.7,-462.3,121.9,,vegas,0.0,0.0,0.0,0.0,0.0,0.0,0.0,0.0,0.0
569,DST2,HOU,DST,HOU,114.0,91.2,136.8,16.0,87.8,-481.2,131.1,,vegas,0.0,0.0,0.0,0.0,0.0,0.0,0.0,0.0,0.0
570,DST3,SEA,DST,SEA,113.0,90.4,135.6,15.0,109.2,-460.8,120.8,,vegas,0.0,0.0,0.0,0.0,0.0,0.0,0.0,0.0,0.0
571,K1,Brandon Aubrey,K,DAL,116.0,92.8,139.2,11.0,87.0,-484.0,171.7,ACTIVE,vegas,0.0,0.0,0.0,0.0,0.0,0.0,0.0,0.0,0.0
572,DST4,PHI,DST,PHI,108.0,86.4,129.6,10.0,135.7,-436.3,106.8,,vegas,0.0,0.0,0.0,0.0,0.0,0.0,0.0,0.0,0.0
573,K2,Ka'imi Fairbairn,K,HOU,113.0,90.4,135.6,8.0,133.4,-439.6,157.9,ACTIVE,vegas,0.0,0.0,0.0,0.0,0.0,0.0,0.0,0.0,0.0
574,DST5,DEN,DST,DEN,106.0,84.8,127.2,8.0,97.9,-476.1,130.7,,vegas,0.0,0.0,0.0,0.0,0.0,0.0,0.0,0.0,0.0
575,K3,Cam Little,K,JAX,112.0,89.6,134.4,7.0,140.0,-435.0,146.9,ACTIVE,vegas,0.0,0.0,0.0,0.0,0.0,0.0,0.0,0.0,0.0
576,DST6,BAL,DST,BAL,105.0,84.0,126.0,7.0,133.2,-442.8,118.6,,vegas,0.0,0.0,0.0,0.0,0.0,0.0,0.0,0.0,0.0
577,K4,Jason Myers,K,SEA,111.0,88.8,133.2,6.0,118.4,-458.6,158.5,ACTIVE,vegas,0.0,0.0,0.0,0.0,0.0,0.0,0.0,0.0,0.0
578,K5,Will Reichard,K,MIN,109.0,87.2,130.8,4.0,166.9,-411.1,142.2,ACTIVE,vegas,0.0,0.0,0.0,0.0,0.0,0.0,0.0,0.0,0.0
579,DST7,DET,DST,DET,102.0,81.6,122.4,4.0,152.4,-426.6,107.8,,vegas,0.0,0.0,0.0,0.0,0.0,0.0,0.0,0.0,0.0
580,DST8,NE,DST,NE,101.0,80.8,121.2,3.0,150.2,-429.8,100.3,,vegas,0.0,0.0,0.0,0.0,0.0,0.0,0.0,0.0,0.0
581,DST9,MIN,DST,MIN,101.0,80.8,121.2,3.0,168.7,-412.3,74.3,,vegas,0.0,0.0,0.0,0.0,0.0,0.0,0.0,0.0,0.0
582,K6,Chris Boswell,K,PIT,107.0,85.6,128.4,2.0,163.8,-418.2,142.9,ACTIVE,vegas,0.0,0.0,0.0,0.0,0.0,0.0,0.0,0.0,0.0
583,K7,Harrison Mevis,K,LAR,106.0,84.8,127.2,1.0,132.1,-450.9,159.5,ACTIVE,vegas,0.0,0.0,0.0,0.0,0.0,0.0,0.0,0.0,0.0
584,K8,Evan McPherson,K,CIN,106.0,84.8,127.2,1.0,169.1,-414.9,142.1,ACTIVE,vegas,0.0,0.0,0.0,0.0,0.0,0.0,0.0,0.0,0.0
585,K9,Cameron Dicker,K,LAC,106.0,84.8,127.2,1.0,106.9,-478.1,161.9,ACTIVE,vegas,0.0,0.0,0.0,0.0,0.0,0.0,0.0,0.0,0.0
586,K10,Tyler Loop,K,BAL,106.0,84.8,127.2,1.0,164.5,-421.5,146.0,ACTIVE,vegas,0.0,0.0,0.0,0.0,0.0,0.0,0.0,0.0,0.0
587,DST10,JAX,DST,JAX,99.0,79.2,118.8,1.0,167.9,-419.1,81.4,,vegas,0.0,0.0,0.0,0.0,0.0,0.0,0.0,0.0,0.0
588,K11,Jake Bates,K,DET,105.0,84.0,126.0,0.0,156.5,-431.5,145.8,ACTIVE,vegas,0.0,0.0,0.0,0.0,0.0,0.0,0.0,0.0,0.0
589,K12,Chase McLaughlin,K,TB,105.0,84.0,126.0,0.0,169.8,-419.2,142.2,ACTIVE,vegas,0.0,0.0,0.0,0.0,0.0,0.0,0.0,0.0,0.0
590,DST11,PIT,DST,PIT,98.0,78.4,117.6,0.0,117.2,-472.8,125.9,,vegas,0.0,0.0,0.0,0.0,0.0,0.0,0.0,0.0,0.0
591,DST12,KC,DST,KC,97.0,77.6,116.4,-1.0,163.9,-427.1,100.4,,vegas,0.0,0.0,0.0,0.0,0.0,0.0,0.0,0.0,0.0
592,K13,Tyler Bass,K,BUF,103.0,82.4,123.6,-2.0,169.5,-422.5,136.8,ACTIVE,vegas,0.0,0.0,0.0,0.0,0.0,0.0,0.0,0.0,0.0
593,DST13,NYG,DST,NYG,96.0,76.8,115.2,-2.0,169.4,-423.6,70.0,,vegas,0.0,0.0,0.0,0.0,0.0,0.0,0.0,0.0,0.0
594,DST14,LAC,DST,LAC,96.0,76.8,115.2,-2.0,164.1,-429.9,93.4,,vegas,0.0,0.0,0.0,0.0,0.0,0.0,0.0,0.0,0.0
595,DST15,GB,DST,GB,96.0,76.8,115.2,-2.0,168.5,-426.5,90.3,,vegas,0.0,0.0,0.0,0.0,0.0,0.0,0.0,0.0,0.0
596,DST16,DAL,DST,DAL,96.0,76.8,115.2,-2.0,166.2,-429.8,78.7,,vegas,0.0,0.0,0.0,0.0,0.0,0.0,0.0,0.0,0.0
597,DST17,CHI,DST,CHI,95.0,76.0,114.0,-3.0,169.4,-427.6,89.0,,vegas,0.0,0.0,0.0,0.0,0.0,0.0,0.0,0.0,0.0
598,K14,Eddy Pineiro,K,SF,101.0,80.8,121.2,-4.0,149.1,-448.9,155.3,ACTIVE,vegas,0.0,0.0,0.0,0.0,0.0,0.0,0.0,0.0,0.0
599,DST18,IND,DST,IND,94.0,75.2,112.8,-4.0,170.2,-428.8,75.2,,vegas,0.0,0.0,0.0,0.0,0.0,0.0,0.0,0.0,0.0
600,DST19,SF,DST,SF,94.0,75.2,112.8,-4.0,168.6,-431.4,82.9,,vegas,0.0,0.0,0.0,0.0,0.0,0.0,0.0,0.0,0.0
601,DST20,BUF,DST,BUF,94.0,75.2,112.8,-4.0,168.8,-432.2,58.5,,vegas,0.0,0.0,0.0,0.0,0.0,0.0,0.0,0.0,0.0
602,K15,Harrison Butker,K,KC,100.0,80.0,120.0,-5.0,145.5,-456.5,148.8,ACTIVE,vegas,0.0,0.0,0.0,0.0,0.0,0.0,0.0,0.0,0.0
603,K16,Cairo Santos,K,CHI,100.0,80.0,120.0,-5.0,168.4,-434.6,144.4,ACTIVE,vegas,0.0,0.0,0.0,0.0,0.0,0.0,0.0,0.0,0.0
604,K17,Wil Lutz,K,DEN,100.0,80.0,120.0,-5.0,169.7,-434.3,135.9,ACTIVE,vegas,0.0,0.0,0.0,0.0,0.0,0.0,0.0,0.0,0.0
605,DST21,ATL,DST,ATL,93.0,74.4,111.6,-5.0,170.1,-434.9,60.6,,vegas,0.0,0.0,0.0,0.0,0.0,0.0,0.0,0.0,0.0
606,K18,Blake Grupe,K,IND,99.0,79.2,118.8,-6.0,170.0,-436.0,132.8,ACTIVE,vegas,0.0,0.0,0.0,0.0,0.0,0.0,0.0,0.0,0.0
607,DST22,CAR,DST,CAR,91.0,72.8,109.2,-7.0,169.8,-437.2,62.3,,vegas,0.0,0.0,0.0,0.0,0.0,0.0,0.0,0.0,0.0
608,DST23,TB,DST,TB,91.0,72.8,109.2,-7.0,169.9,-438.1,92.8,,vegas,0.0,0.0,0.0,0.0,0.0,0.0,0.0,0.0,0.0
609,K19,Andy Borregales,K,NE,96.0,76.8,115.2,-9.0,170.0,-439.0,129.1,ACTIVE,vegas,0.0,0.0,0.0,0.0,0.0,0.0,0.0,0.0,0.0
610,DST24,CIN,DST,CIN,89.0,71.2,106.8,-9.0,169.8,-440.2,73.5,,vegas,0.0,0.0,0.0,0.0,0.0,0.0,0.0,0.0,0.0
611,K20,Nick Folk,K,ATL,95.0,76.0,114.0,-10.0,170.2,-440.8,141.3,ACTIVE,vegas,0.0,0.0,0.0,0.0,0.0,0.0,0.0,0.0,0.0
612,DST25,NO,DST,NO,87.0,69.6,104.4,-11.0,170.2,-441.8,90.6,,vegas,0.0,0.0,0.0,0.0,0.0,0.0,0.0,0.0,0.0
613,K21,Charlie Smyth,K,NO,93.0,74.4,111.6,-12.0,170.2,-442.8,137.9,ACTIVE,vegas,0.0,0.0,0.0,0.0,0.0,0.0,0.0,0.0,0.0
614,K22,Ryan Fitzgerald,K,CAR,92.0,73.6,110.4,-13.0,169.8,-444.2,124.1,ACTIVE,vegas,0.0,0.0,0.0,0.0,0.0,0.0,0.0,0.0,0.0
615,DST26,WAS,DST,WAS,85.0,68.0,102.0,-13.0,169.7,-445.3,61.7,,vegas,0.0,0.0,0.0,0.0,0.0,0.0,0.0,0.0,0.0
616,K23,Jake Moody,K,,91.0,72.8,109.2,-14.0,169.9,-446.1,0.0,ACTIVE,vegas,0.0,0.0,0.0,0.0,0.0,0.0,0.0,0.0,0.0
617,K24,Jason Sanders,K,NYJ,91.0,72.8,109.2,-14.0,169.8,-447.2,128.4,ACTIVE,vegas,0.0,0.0,0.0,0.0,0.0,0.0,0.0,0.0,0.0
618,DST27,CLE,DST,CLE,84.0,67.2,100.8,-14.0,154.7,-463.3,104.3,,vegas,0.0,0.0,0.0,0.0,0.0,0.0,0.0,0.0,0.0
619,K25,Jake Elliott,K,PHI,90.0,72.0,108.0,-15.0,168.8,-450.2,135.8,ACTIVE,vegas,0.0,0.0,0.0,0.0,0.0,0.0,0.0,0.0,0.0
620,K26,Chad Ryland,K,ARI,89.0,71.2,106.8,-16.0,169.9,-450.1,121.7,ACTIVE,vegas,0.0,0.0,0.0,0.0,0.0,0.0,0.0,0.0,0.0
621,K27,Joey Slye,K,TEN,84.0,67.2,100.8,-21.0,169.9,-451.1,123.4,ACTIVE,vegas,0.0,0.0,0.0,0.0,0.0,0.0,0.0,0.0,0.0
622,K28,Andre Szmyt,K,CLE,84.0,67.2,100.8,-21.0,169.9,-452.1,121.7,ACTIVE,vegas,0.0,0.0,0.0,0.0,0.0,0.0,0.0,0.0,0.0
623,DST28,TEN,DST,TEN,77.0,61.6,92.4,-21.0,169.9,-453.1,67.0,,vegas,0.0,0.0,0.0,0.0,0.0,0.0,0.0,0.0,0.0
624,DST29,LV,DST,LV,75.0,60.0,90.0,-23.0,169.7,-454.3,53.9,,vegas,0.0,0.0,0.0,0.0,0.0,0.0,0.0,0.0,0.0
625,DST30,ARI,DST,ARI,75.0,60.0,90.0,-23.0,169.8,-455.2,50.7,,vegas,0.0,0.0,0.0,0.0,0.0,0.0,0.0,0.0,0.0
626,DST31,NYJ,DST,NYJ,74.0,59.2,88.8,-24.0,170.0,-456.0,84.5,,vegas,0.0,0.0,0.0,0.0,0.0,0.0,0.0,0.0,0.0
627,DST32,MIA,DST,MIA,72.0,57.6,86.4,-26.0,169.4,-457.6,44.5,,vegas,0.0,0.0,0.0,0.0,0.0,0.0,0.0,0.0,0.0
628,K29,Matt Gay,K,LV,75.0,60.0,90.0,-30.0,169.4,-458.6,125.1,ACTIVE,vegas,0.0,0.0,0.0,0.0,0.0,0.0,0.0,0.0,0.0
629,K30,Trey Smack,K,GB,70.0,56.0,84.0,-35.0,167.9,-461.1,144.0,ACTIVE,vegas,0.0,0.0,0.0,0.0,0.0,0.0,0.0,0.0,0.0
630,K31,Zane Gonzalez,K,,60.0,48.0,72.0,-45.0,170.0,-460.0,0.0,QUESTIONABLE,vegas,0.0,0.0,0.0,0.0,0.0,0.0,0.0,0.0,0.0
631,K32,Dominic Zvada,K,NYG,56.0,44.8,67.2,-49.0,169.9,-461.1,137.2,ACTIVE,vegas,0.0,0.0,0.0,0.0,0.0,0.0,0.0,0.0,0.0
632,K33,Daniel Carlson,K,,52.0,41.6,62.4,-53.0,170.0,-462.0,,ACTIVE,vegas,0.0,0.0,0.0,0.0,0.0,0.0,0.0,0.0,0.0
633,K34,Brandon McManus,K,,46.0,36.8,55.2,-59.0,169.9,-463.1,0.0,ACTIVE,vegas,0.0,0.0,0.0,0.0,0.0,0.0,0.0,0.0,0.0
634,K35,Ben Sauls,K,NYG,41.0,32.8,49.2,-64.0,169.7,-464.3,0.0,ACTIVE,vegas,0.0,0.0,0.0,0.0,0.0,0.0,0.0,0.0,0.0
635,K36,Riley Patterson,K,MIA,37.0,29.6,44.4,-68.0,169.9,-465.1,127.4,ACTIVE,vegas,0.0,0.0,0.0,0.0,0.0,0.0,0.0,0.0,0.0
636,K37,Drew Stevens,K,WAS,22.0,17.6,26.4,-83.0,169.9,-466.1,133.8,ACTIVE,vegas,0.0,0.0,0.0,0.0,0.0,0.0,0.0,0.0,0.0
637,K38,Matt Prater,K,,22.0,17.6,26.4,-83.0,169.9,-467.1,,ACTIVE,vegas,0.0,0.0,0.0,0.0,0.0,0.0,0.0,0.0,0.0
638,K39,Graham Gano,K,,22.0,17.6,26.4,-83.0,170.0,-468.0,0.0,QUESTIONABLE,vegas,0.0,0.0,0.0,0.0,0.0,0.0,0.0,0.0,0.0
639,K40,Younghoe Koo,K,,22.0,17.6,26.4,-83.0,169.7,-469.3,0.0,ACTIVE,vegas,0.0,0.0,0.0,0.0,0.0,0.0,0.0,0.0,0.0
640,K41,Michael Badgley,K,,22.0,17.6,26.4,-83.0,170.0,-470.0,,ACTIVE,vegas,0.0,0.0,0.0,0.0,0.0,0.0,0.0,0.0,0.0
641,K42,Cade York,K,NYJ,13.0,10.4,15.6,-92.0,170.0,-471.0,0.0,ACTIVE,vegas,0.0,0.0,0.0,0.0,0.0,0.0,0.0,0.0,0.0
642,K43,Will Ferrin,K,,6.0,4.8,7.2,-99.0,,,,,vegas,0.0,0.0,0.0,0.0,0.0,0.0,0.0,0.0,0.0
643,K44,Lenny Krieg,K,,6.0,4.8,7.2,-99.0,,,,,vegas,0.0,0.0,0.0,0.0,0.0,0.0,0.0,0.0,0.0
644,K45,Parker Romo,K,,0.0,0.0,0.0,-105.0,170.0,-474.0,,ACTIVE,espn,,,,,,,,,
645,K46,Justin Tucker,K,,0.0,0.0,0.0,-105.0,169.5,-475.5,,ACTIVE,espn,,,,,,,,,
646,K47,Brayden Narveson,K,,0.0,0.0,0.0,-105.0,170.0,-476.0,,ACTIVE,espn,,,,,,,,,
647,K48,Spencer Shrader,K,IND,0.0,0.0,0.0,-105.0,169.9,-477.1,0.0,ACTIVE,espn,,,,,,,,,
648,K49,Caden Davis,K,,0.0,0.0,0.0,-105.0,169.9,-478.1,,ACTIVE,espn,,,,,,,,,
649,K50,Greg Zuerlein,K,,0.0,0.0,0.0,-105.0,170.0,-479.0,,QUESTIONABLE,espn,,,,,,,,,
650,K51,Dustin Hopkins,K,,0.0,0.0,0.0,-105.0,170.0,-480.0,,ACTIVE,espn,,,,,,,,,
651,K52,Tanner Brown,K,NO,0.0,0.0,0.0,-105.0,170.0,-481.0,0.0,ACTIVE,espn,,,,,,,,,
652,K53,Jude McAtamney,K,,0.0,0.0,0.0,-105.0,169.9,-482.1,,ACTIVE,espn,,,,,,,,,
653,K54,Austin Seibert,K,,0.0,0.0,0.0,-105.0,170.0,-483.0,,ACTIVE,espn,,,,,,,,,
654,K55,Christopher Dunn,K,,0.0,0.0,0.0,-105.0,170.0,-484.0,,ACTIVE,espn,,,,,,,,,
655,K56,Lucas Havrisik,K,,0.0,0.0,0.0,-105.0,170.0,-485.0,0.0,ACTIVE,espn,,,,,,,,,
656,K57,Greg Joseph,K,,0.0,0.0,0.0,-105.0,170.0,-486.0,,ACTIVE,espn,,,,,,,,,
657,K58,Joshua Karty,K,,0.0,0.0,0.0,-105.0,170.0,-487.0,0.0,ACTIVE,espn,,,,,,,,,
658,K59,Anders Carlson,K,,0.0,0.0,0.0,-105.0,170.0,-488.0,,ACTIVE,espn,,,,,,,,,
659,K60,Matthew Wright,K,,0.0,0.0,0.0,-105.0,170.0,-489.0,,ACTIVE,espn,,,,,,,,,
