name,position,pass_att,pass_cmp,pass_td,pass_yds,interceptions,receptions,rec_yds,rec_td,rush_att,rush_yds,rush_td,fumbles,source_points
Josh Allen,QB,474.0,313.0,24.5,3624.5,10.0,,,,110.0,499.5,11.5,3.0,349.93
Jahmyr Gibbs,RB,,,,,,60.5,449.5,4.5,255.0,1199.5,12.5,1.0,327.40
Puka Nacua,WR,,,,,,107.0,1400.0,10.0,10.0,55.0,,1.0,312.50
Bijan Robinson,RB,,,,,,65.5,574.5,3.5,280.0,1174.5,8.5,2.0,310.40
Drake Maye,QB,505.0,344.0,26.5,3799.5,11.0,,,,85.0,424.5,3.5,3.0,306.43
Ja'Marr Chase,WR,,,,,,108.5,1324.5,10.5,3.0,16.0,,1.0,305.55
Joe Burrow,QB,549.0,377.0,32.5,3999.5,10.0,,,,46.0,138.0,2.0,3.0,303.78
Jalen Hurts,QB,462.0,300.0,22.5,3249.5,8.0,,,,120.0,424.5,8.5,3.0,301.43
Trevor Lawrence,QB,522.0,329.0,25.5,3774.5,12.0,,,,79.0,339.0,5.0,3.0,300.88
Lamar Jackson,QB,415.0,270.0,24.5,3249.5,8.0,,,,119.0,599.5,3.5,4.0,294.93
Brock Purdy,QB,494.0,333.0,27.5,3799.5,13.0,,,,64.0,242.0,3.0,3.0,289.18
Jaxon Smith-Njigba,WR,,,,,,101.5,1324.5,8.5,6.0,33.0,,1.0,288.25
Amon-Ra St. Brown,WR,,,,,,104.5,1249.5,9.5,3.0,16.0,,1.0,288.05
Christian McCaffrey,RB,,,,,,60.5,574.5,4.5,240.0,949.5,8.5,2.0,286.90
Justin Herbert,QB,533.0,355.0,25.5,3650.5,10.0,,,,70.0,338.0,3.0,3.0,285.82
Caleb Williams,QB,514.0,316.0,24.5,3649.5,10.0,,,,75.0,373.0,3.0,3.0,285.28
Jayden Daniels,QB,479.0,318.0,21.5,3249.5,9.0,,,,126.0,549.5,4.5,3.0,284.93
Jared Goff,QB,533.0,362.0,29.5,4099.5,10.0,,,,29.0,53.0,1.0,3.0,281.28
Bo Nix,QB,555.0,366.0,24.5,3499.5,12.0,,,,76.0,330.0,4.0,3.0,278.98
Dak Prescott,QB,580.0,389.0,27.5,3999.5,13.0,,,,44.0,152.0,1.0,2.0,278.18
Baker Mayfield,QB,526.0,343.0,25.5,3599.5,13.0,,,,63.0,306.0,2.0,4.0,269.58
Matthew Stafford,QB,528.0,343.0,30.5,3899.5,11.0,,,,27.0,19.0,,2.0,268.88
Jaxson Dart,QB,495.0,322.0,19.5,3150.5,12.0,,,,106.0,449.5,5.5,3.0,265.97
Jonathan Taylor,RB,,,,,,36.0,278.0,1.0,287.0,1224.5,11.5,2.0,259.25
Jordan Love,QB,501.0,328.0,24.5,3549.5,10.0,,,,51.0,202.0,2.0,3.0,258.18
CeeDee Lamb,WR,,,,,,91.5,1199.5,7.5,3.0,16.0,,1.0,258.05
Tyler Shough,QB,539.0,354.0,20.5,3449.5,12.0,,,,84.0,343.0,3.0,3.0,256.28
Patrick Mahomes,QB,555.0,370.0,24.5,3649.5,12.0,,,,47.0,202.0,1.0,2.0,256.18
Sam Darnold,QB,478.0,317.0,23.5,3699.5,12.0,,,,44.0,157.0,2.0,3.0,253.68
James Cook,RB,,,,,,31.0,268.0,2.0,264.0,1224.5,10.5,2.0,253.25
Kyler Murray,QB,479.0,320.0,18.5,3049.5,9.0,,,,85.0,503.0,3.0,3.0,251.28
C.J. Stroud,QB,505.0,317.0,22.5,3549.5,12.0,,,,53.0,201.0,2.0,3.0,248.08
Drake London,WR,,,,,,89.5,1099.5,7.5,1.0,6.0,,,247.05
Justin Jefferson,WR,,,,,,92.5,1149.5,6.5,1.0,6.0,,,247.05
Malik Willis,QB,419.0,271.0,14.5,2949.5,9.0,,,,125.0,549.5,3.5,2.0,238.93
Ashton Jeanty,RB,,,,,,50.0,383.0,2.0,281.0,974.5,7.5,2.0,238.75
A.J. Brown,WR,,,,,,78.5,1124.5,7.5,1.0,6.0,,,238.55
De'Von Achane,RB,,,,,,57.5,416.0,2.0,239.0,974.5,5.5,2.0,237.55
Trey McBride,TE,,,,,,97.5,999.5,6.5,,,,1.0,236.45
Nico Collins,WR,,,,,,77.5,1149.5,6.5,3.0,18.0,,,235.25
Derrick Henry,RB,,,,,,17.0,133.0,1.0,281.0,1249.5,12.5,2.0,234.25
Omarion Hampton,RB,,,,,,48.0,364.0,2.0,232.0,949.5,7.5,2.0,232.35
Saquon Barkley,RB,,,,,,37.0,277.0,2.0,271.0,1099.5,7.5,1.0,231.65
Chase Brown,RB,,,,,,57.0,417.0,3.0,220.0,849.5,5.5,2.0,230.65
Rashee Rice,WR,,,,,,88.0,964.0,7.0,6.0,29.0,,1.0,229.30
Chris Olave,WR,,,,,,87.5,1049.5,5.5,1.0,6.0,,,228.05
Bryce Young,QB,493.0,311.0,20.5,2924.5,11.0,,,,51.0,245.0,3.0,3.0,226.48
Cam Ward,QB,541.0,341.0,20.5,3299.5,13.0,,,,46.0,182.0,2.0,4.0,225.18
Malik Nabers,WR,,,,,,82.0,1057.0,5.5,3.0,16.0,,,224.30
Emeka Egbuka,WR,,,,,,77.0,1029.0,7.0,3.0,21.0,,,224.00
Geno Smith,QB,489.0,325.0,22.0,3372.0,14.0,,,,45.0,156.0,1.0,4.0,222.48
Daniel Jones,QB,469.0,312.0,18.5,3299.5,11.0,,,,47.0,191.0,2.0,3.0,222.08
George Pickens,WR,,,,,,75.5,1049.5,6.5,1.0,6.0,,,222.05
Brock Bowers,TE,,,,,,82.5,924.5,7.5,4.0,18.0,,1.0,221.75
DeVonta Smith,WR,,,,,,79.5,1049.5,5.5,1.0,6.0,,,218.05
Javonte Williams,RB,,,,,,37.0,239.0,1.0,239.0,949.5,9.5,1.0,216.85
Kenneth Walker,RB,,,,,,37.0,272.0,2.0,259.0,949.5,7.5,1.0,214.15
Kyren Williams,RB,,,,,,32.0,219.0,2.0,228.0,949.5,9.5,2.0,213.85
Garrett Wilson,WR,,,,,,84.5,999.5,4.5,3.0,16.0,,,213.05
Breece Hall,RB,,,,,,37.0,314.0,2.0,220.0,986.0,6.0,2.0,211.00
Tetairoa McMillan,WR,,,,,,72.5,949.5,6.5,1.0,6.0,,,209.05
Aaron Rodgers,QB,403.0,261.0,21.5,3149.5,7.0,,,,21.0,60.0,,2.0,208.98
Zay Flowers,WR,,,,,,74.5,999.5,5.5,5.0,29.0,,1.0,208.35
Tee Higgins,WR,,,,,,64.5,874.5,8.5,1.0,6.0,,,205.55
Josh Jacobs,RB,,,,,,33.0,258.0,1.0,217.0,918.0,8.0,2.0,202.60
Jeremiyah Love,RB,,,,,,47.0,351.0,2.0,205.0,774.5,5.5,1.0,202.55
Terry McLaurin,WR,,,,,,71.5,924.5,5.5,1.0,7.0,,,197.65
Davante Adams,WR,,,,,,60.5,774.5,9.5,,,,,196.95
Sam LaPorta,TE,,,,,,76.0,842.0,6.0,1.0,3.0,,,196.50
D'Andre Swift,RB,,,,,,37.0,272.0,1.0,217.0,824.5,7.5,1.0,195.65
Cam Skattebo,RB,,,,,,42.0,301.0,1.0,214.0,799.5,6.5,1.0,195.05
Ladd McConkey,WR,,,,,,70.5,899.5,5.5,2.0,12.0,,,194.65
Jaylen Waddle,WR,,,,,,68.5,899.5,5.5,3.0,18.0,,,193.25
Travis Etienne,RB,,,,,,36.0,287.0,2.0,226.0,824.5,5.5,1.0,192.15
Jameson Williams,WR,,,,,,60.0,924.5,5.5,8.0,44.0,,,189.85
Quinshon Judkins,RB,,,,,,32.0,228.0,1.0,244.0,899.5,6.5,1.0,187.75
Tyler Warren,TE,,,,,,74.5,774.5,5.5,5.0,19.0,,,186.85
Colston Loveland,TE,,,,,,69.5,824.5,5.5,1.0,4.0,,,185.35
David Montgomery,RB,,,,,,32.0,235.0,1.0,236.0,799.5,7.5,1.0,184.45
Rome Odunze,WR,,,,,,68.0,824.5,5.5,1.0,6.0,,,184.05
Mike Evans,WR,,,,,,59.5,824.5,6.5,,,,,182.95
Luther Burden,WR,,,,,,64.5,849.5,4.5,10.0,61.0,,,182.55
DJ Moore,WR,,,,,,59.5,824.5,6.5,5.0,29.0,,1.0,181.85
Parker Washington,WR,,,,,,62.5,824.5,4.5,10.0,58.0,,,179.75
Jayden Reed,WR,,,,,,70.0,674.5,6.0,14.0,83.0,,1.0,179.75
Bucky Irving,RB,,,,,,36.0,271.0,2.0,211.0,799.5,4.5,2.0,178.05
Alec Pierce,WR,,,,,,54.0,872.0,6.0,1.0,7.0,,,177.90
Marvin Harrison,WR,,,,,,62.0,824.5,5.5,,,,,177.45
Josh Downs,WR,,,,,,67.5,824.5,4.0,2.0,13.0,,,175.25
DK Metcalf,WR,,,,,,58.5,824.5,5.5,2.0,10.0,,,174.95
TreVeyon Henderson,RB,,,,,,35.0,260.0,1.0,170.0,699.5,6.5,1.0,173.95
Kyle Pitts,TE,,,,,,69.5,774.5,4.5,,,,,173.95
Michael Pittman,WR,,,,,,70.5,749.5,4.5,1.0,7.0,,,173.15
Rico Dowdle,RB,,,,,,38.0,273.0,1.0,159.0,699.5,5.5,1.0,172.25
Harold Fannin,TE,,,,,,71.5,699.5,4.5,6.0,25.0,,,170.95
Khalil Shakir,WR,,,,,,71.0,747.0,4.0,2.0,10.0,,,170.70
Deebo Samuel,WR,,,,,,63.5,699.5,4.0,17.0,89.0,1.0,1.0,170.35
Tucker Kraft,TE,,,,,,67.0,699.5,5.5,,,,,169.95
Stefon Diggs,WR,,,,,,64.0,774.5,4.5,1.0,6.0,,,169.05
Makai Lemon,WR,,,,,,60.0,775.0,5.0,2.0,10.0,,,168.50
Courtland Sutton,WR,,,,,,59.5,699.5,6.5,,,,,168.45
Christian Watson,WR,,,,,,50.5,774.5,6.5,2.0,14.0,,,168.35
Carnell Tate,WR,,,,,,61.5,774.5,4.5,2.0,10.0,,,166.95
Wan'Dale Robinson,WR,,,,,,71.0,699.5,4.0,3.0,16.0,,,166.55
Jalen Coker,WR,,,,,,60.0,753.0,5.0,1.0,6.0,,,165.90
Chris Godwin,WR,,,,,,68.0,699.5,4.5,1.0,6.0,,,165.55
George Kittle,TE,,,,,,62.0,699.5,5.5,,,,,164.95
Bhayshul Tuten,RB,,,,,,32.0,234.0,1.0,184.0,724.5,5.5,1.0,164.85
Tony Pollard,RB,,,,,,28.0,187.0,1.0,189.0,799.5,5.5,1.0,163.65
Brian Thomas,WR,,,,,,62.0,724.5,4.5,3.0,17.0,,,163.15
Michael Wilson,WR,,,,,,59.0,724.5,5.0,1.0,6.0,,,162.05
Jakobi Meyers,WR,,,,,,64.5,649.5,5.0,4.0,21.0,,,161.55
Brenton Strange,TE,,,,,,63.0,680.0,5.0,,,,,161.00
Travis Kelce,TE,,,,,,66.5,674.5,4.5,,,,,160.95
Jacoby Brissett,QB,355.0,225.0,15.0,2400.0,7.0,,,,35.0,110.0,1.0,3.0,160.00
Fernando Mendoza,QB,434.0,277.0,12.5,2199.5,11.0,,,,53.0,234.0,2.0,3.0,158.38
Matthew Golden,WR,,,,,,58.0,649.5,5.0,8.0,51.0,,,158.05
Isaiah Likely,TE,,,,,,62.0,653.0,5.0,,,,,157.30
Quentin Johnston,WR,,,,,,58.0,649.5,5.5,2.0,11.0,,,157.05
Xavier Worthy,WR,,,,,,55.0,649.5,4.0,17.0,90.0,1.0,1.0,156.95
Jordan Addison,WR,,,,,,60.0,674.5,4.5,4.0,22.0,,,156.65
T.J. Hockenson,TE,,,,,,66.0,650.0,4.0,,,,,155.00
Jonathon Brooks,RB,,,,,,34.0,245.0,1.0,160.0,684.0,4.0,1.0,154.90
Kyle Monangai,RB,,,,,,23.0,165.0,1.0,166.0,751.0,6.0,1.0,154.60
Jaylen Warren,RB,,,,,,36.0,267.0,1.0,172.0,624.5,4.5,2.0,154.15
Hunter Henry,TE,,,,,,58.0,655.0,5.0,,,,,153.50
Kenny Gainwell,RB,,,,,,47.0,355.0,2.0,99.0,418.0,3.0,1.0,152.30
J.K. Dobbins,RB,,,,,,26.0,190.0,1.0,171.0,674.5,5.5,,151.45
Jadarian Price,RB,,,,,,19.0,138.0,1.0,212.0,724.5,7.0,1.0,151.25
Mark Andrews,TE,,,,,,60.0,499.5,6.5,6.0,12.0,,,150.15
Rhamondre Stevenson,RB,,,,,,29.0,214.0,1.0,183.0,624.5,5.5,1.0,149.85
Romeo Doubs,WR,,,,,,57.0,649.5,4.5,,,,,148.95
Chuba Hubbard,RB,,,,,,22.0,153.0,1.0,181.0,766.0,5.0,1.0,147.90
KC Concepcion,WR,,,,,,58.0,599.5,4.0,9.0,54.0,,1.0,145.35
Chig Okonkwo,TE,,,,,,61.0,591.0,4.0,,,,,144.10
RJ Harvey,RB,,,,,,37.0,276.0,2.0,124.0,515.0,3.0,1.0,144.10
Jake Ferguson,TE,,,,,,66.5,524.5,4.5,,,,1.0,143.95
AJ Barner,TE,,,,,,58.0,530.0,4.0,10.0,14.0,1.0,,142.40
Dalton Kincaid,TE,,,,,,66.0,549.5,3.5,,,,,141.95
Oronde Gadsden,TE,,,,,,56.0,618.0,4.0,,,,,141.80
Juwan Johnson,TE,,,,,,56.0,599.5,4.0,,,,,139.95
Dalton Schultz,TE,,,,,,58.0,572.0,4.0,,,,,139.20
Jordan Mason,RB,,,,,,20.0,140.0,1.0,190.0,649.5,6.0,1.0,138.95
Tua Tagovailoa,QB,308.0,209.0,14.0,2141.0,8.0,,,,20.0,43.0,,4.0,137.94
Dallas Goedert,TE,,,,,,53.0,574.5,4.5,,,,,137.45
Chris Rodriguez,RB,,,,,,15.0,107.0,,171.0,728.0,6.0,1.0,132.50
Malik Washington,WR,,,,,,48.0,472.0,3.0,22.0,121.0,1.0,,131.30
Jalen Nailor,WR,,,,,,46.0,587.0,4.0,3.0,19.0,,,130.60
Gunnar Helm,TE,,,,,,57.0,553.0,3.0,,,,,130.30
De'Zhaun Stribling,WR,,,,,,46.0,599.5,4.0,,,,,129.95
Rashid Shaheed,WR,,,,,,45.0,574.5,4.0,8.0,46.0,,1.0,129.05
Pat Freiermuth,TE,,,,,,51.0,534.0,4.0,,,,,128.40
Aaron Jones,RB,,,,,,34.0,248.0,1.0,131.0,474.5,3.0,1.0,128.25
Rachaad White,RB,,,,,,34.0,253.0,1.0,114.0,468.0,3.0,1.0,128.10
Jacory Croskey-Merritt,RB,,,,,,19.0,135.0,1.0,141.0,614.0,5.0,1.0,127.90
Jalen McMillan,WR,,,,,,44.0,561.0,4.0,6.0,33.0,,,127.40
Omar Cooper,WR,,,,,,45.0,567.0,4.0,3.0,14.0,,,127.10
Blake Corum,RB,,,,,,15.0,106.0,,172.0,674.5,6.0,1.0,127.05
Tre Tucker,WR,,,,,,46.0,574.5,3.0,7.0,37.0,,,125.15
Jerry Jeudy,WR,,,,,,49.5,549.5,3.0,1.0,5.0,,,122.95
Darren Waller,TE,,,,,,47.0,516.0,4.0,,,,,122.60
Cade Otton,TE,,,,,,53.0,513.0,3.0,,,,,122.30
Denzel Boston,WR,,,,,,53.0,499.5,3.0,2.0,13.0,,,122.25
Ryan Flournoy,WR,,,,,,47.0,549.0,3.0,2.0,13.0,,,121.20
Brandon Aubrey,K,,,,,,,,,,,,,116.00
LAR,DST,,,,,,,,,,,,,116.00
Tank Dell,WR,,,,,,41.0,539.0,3.0,5.0,29.0,,,115.80
Tyjae Spears,RB,,,,,,35.0,248.0,1.0,92.0,388.0,2.0,1.0,114.60
HOU,DST,,,,,,,,,,,,,114.00
Jaylin Noel,WR,,,,,,42.0,489.0,3.0,10.0,50.0,,,113.90
SEA,DST,,,,,,,,,,,,,113.00
Ka'imi Fairbairn,K,,,,,,,,,,,,,113.00
Tre' Harris,WR,,,,,,39.0,493.0,4.0,1.0,6.0,,,112.90
Cam Little,K,,,,,,,,,,,,,112.00
Tyrone Tracy,RB,,,,,,21.0,155.0,1.0,124.0,528.0,3.0,1.0,111.30
Jordyn Tyson,WR,,,,,,41.0,514.0,3.0,1.0,6.0,,,111.00
Jason Myers,K,,,,,,,,,,,,,111.00
Greg Dulcich,TE,,,,,,47.0,459.0,3.0,,,,,110.90
Devaughn Vele,WR,,,,,,42.0,496.0,3.0,1.0,10.0,,,110.60
Will Reichard,K,,,,,,,,,,,,,109.00
Michael Penix,QB,221.0,137.0,10.0,1567.0,5.0,,,,20.0,67.0,1.0,2.0,108.38
PHI,DST,,,,,,,,,,,,,108.00
Chris Boswell,K,,,,,,,,,,,,,107.00
Keenan Allen,WR,,,,,,44.0,448.0,3.0,,,,,106.80
Evan McPherson,K,,,,,,,,,,,,,106.00
Harrison Mevis,K,,,,,,,,,,,,,106.00
Tyler Loop,K,,,,,,,,,,,,,106.00
DEN,DST,,,,,,,,,,,,,106.00
Cameron Dicker,K,,,,,,,,,,,,,106.00
Jauan Jennings,WR,,,,,,39.0,487.0,3.0,,,,,105.70
Chase McLaughlin,K,,,,,,,,,,,,,105.00
Jake Bates,K,,,,,,,,,,,,,105.00
BAL,DST,,,,,,,,,,,,,105.00
Mike Gesicki,TE,,,,,,42.0,449.0,3.0,,,,,104.90
Ja'Kobi Lane,WR,,,,,,35.0,453.0,4.0,1.0,6.0,,,104.90
Tyler Bass,K,,,,,,,,,,,,,103.00
Rashod Bateman,WR,,,,,,36.0,483.0,3.0,,,,,102.30
Deshaun Watson,QB,215.0,137.0,8.0,1374.0,6.0,,,,30.0,131.0,2.0,2.0,102.06
DET,DST,,,,,,,,,,,,,102.00
Eddy Pineiro,K,,,,,,,,,,,,,101.00
MIN,DST,,,,,,,,,,,,,101.00
NE,DST,,,,,,,,,,,,,101.00
Terrance Ferguson,TE,,,,,,35.0,413.0,4.0,,,,,100.30
Kenyon Sadiq,TE,,,,,,40.0,415.0,3.0,2.0,7.0,,,100.20
Cairo Santos,K,,,,,,,,,,,,,100.00
Wil Lutz,K,,,,,,,,,,,,,100.00
Harrison Butker,K,,,,,,,,,,,,,100.00
JAX,DST,,,,,,,,,,,,,99.00
Blake Grupe,K,,,,,,,,,,,,,99.00
Germie Bernard,WR,,,,,,36.0,439.0,3.0,2.0,10.0,,,98.90
Adonai Mitchell,WR,,,,,,35.0,443.0,3.0,1.0,10.0,,,98.30
PIT,DST,,,,,,,,,,,,,98.00
Ted Hurst,WR,,,,,,36.0,426.0,3.0,2.0,13.0,,,97.90
Shedeur Sanders,QB,226.0,142.0,7.0,1433.0,5.0,,,,26.0,88.0,2.0,2.0,97.12
KC,DST,,,,,,,,,,,,,97.00
Keaton Mitchell,RB,,,,,,18.0,134.0,1.0,88.0,435.0,3.0,1.0,96.90
Travis Hunter,WR,,,,,,35.0,415.0,3.0,4.0,21.0,,,96.60
Mason Taylor,TE,,,,,,40.0,384.0,3.0,,,,,96.40
Pat Bryant,WR,,,,,,35.0,425.0,3.0,2.0,9.0,,,96.40
LAC,DST,,,,,,,,,,,,,96.00
DAL,DST,,,,,,,,,,,,,96.00
NYG,DST,,,,,,,,,,,,,96.00
Andy Borregales,K,,,,,,,,,,,,,96.00
GB,DST,,,,,,,,,,,,,96.00
CHI,DST,,,,,,,,,,,,,95.00
Nick Folk,K,,,,,,,,,,,,,95.00
Caleb Douglas,WR,,,,,,34.0,428.0,3.0,,,,,94.80
Kayshon Boutte,WR,,,,,,31.0,456.0,3.0,,,,,94.60
Cyrus Allen,WR,,,,,,34.0,425.0,3.0,,,,,94.50
IND,DST,,,,,,,,,,,,,94.00
SF,DST,,,,,,,,,,,,,94.00
BUF,DST,,,,,,,,,,,,,94.00
Tyreek Hill,WR,,,,,,33.0,422.0,3.0,1.0,5.0,,,93.70
ATL,DST,,,,,,,,,,,,,93.00
Charlie Smyth,K,,,,,,,,,,,,,93.00
Tory Horton,WR,,,,,,31.0,421.0,3.0,1.0,9.0,,,92.00
Ryan Fitzgerald,K,,,,,,,,,,,,,92.00
Andrei Iosivas,WR,,,,,,32.0,403.0,3.0,2.0,10.0,,,91.30
CAR,DST,,,,,,,,,,,,,91.00
Jake Moody,K,,,,,,,,,,,,,91.00
Malachi Fields,WR,,,,,,32.0,404.0,3.0,1.0,6.0,,,91.00
Jason Sanders,K,,,,,,,,,,,,,91.00
TB,DST,,,,,,,,,,,,,91.00
Jake Elliott,K,,,,,,,,,,,,,90.00
Chimere Dike,WR,,,,,,38.0,384.0,2.0,6.0,30.0,,1.0,89.40
Chad Ryland,K,,,,,,,,,,,,,89.00
CIN,DST,,,,,,,,,,,,,89.00
Dylan Sampson,RB,,,,,,23.0,176.0,1.0,78.0,321.0,2.0,1.0,88.70
Isaac TeSlaa,WR,,,,,,28.0,402.0,3.0,2.0,9.0,,,87.10
NO,DST,,,,,,,,,,,,,87.00
Cooper Kupp,WR,,,,,,32.0,364.0,3.0,,,,,86.40
Keon Coleman,WR,,,,,,29.0,375.0,3.0,3.0,13.0,,,85.80
Darnell Washington,TE,,,,,,33.0,341.0,3.0,,,,,85.10
WAS,DST,,,,,,,,,,,,,85.00
Andre Szmyt,K,,,,,,,,,,,,,84.00
Joey Slye,K,,,,,,,,,,,,,84.00
CLE,DST,,,,,,,,,,,,,84.00
Woody Marks,RB,,,,,,19.0,137.0,1.0,86.0,351.0,2.0,1.0,83.80
Darius Slayton,WR,,,,,,27.0,386.0,3.0,,,,,83.60
Eli Stowers,TE,,,,,,31.0,319.0,3.0,2.0,5.0,,,81.40
Michael Mayer,TE,,,,,,34.0,348.0,2.0,,,,,80.80
Cole Kmet,TE,,,,,,34.0,337.0,2.0,,,,,79.70
Zachariah Branch,WR,,,,,,30.0,365.0,2.0,,,,,78.50
Jack Bech,WR,,,,,,30.0,350.0,2.0,1.0,9.0,,,77.90
Kendrick Bourne,WR,,,,,,31.0,344.0,2.0,,,,,77.40
Calvin Ridley,WR,,,,,,27.0,377.0,2.0,1.0,6.0,,,77.30
TEN,DST,,,,,,,,,,,,,77.00
Theo Johnson,TE,,,,,,31.0,340.0,2.0,,,,,77.00
Dawson Knox,TE,,,,,,28.0,304.0,3.0,,,,,76.40
Colby Parkinson,TE,,,,,,29.0,293.0,3.0,,,,,76.30
Olamide Zaccheaus,WR,,,,,,30.0,326.0,2.0,2.0,12.0,,,75.80
Antonio Williams,WR,,,,,,28.0,339.0,2.0,2.0,13.0,,,75.20
LV,DST,,,,,,,,,,,,,75.00
ARI,DST,,,,,,,,,,,,,75.00
Matt Gay,K,,,,,,,,,,,,,75.00
NYJ,DST,,,,,,,,,,,,,74.00
Elijah Arroyo,TE,,,,,,29.0,312.0,2.0,,,,,72.20
MIA,DST,,,,,,,,,,,,,72.00
KaVontae Turpin,WR,,,,,,21.0,268.0,2.0,14.0,77.0,1.0,1.0,71.50
Jahan Dotson,WR,,,,,,26.0,316.0,2.0,2.0,16.0,,,71.20
Jake Tonges,TE,,,,,,30.0,288.0,2.0,,,,,70.80
Evan Engram,TE,,,,,,31.0,277.0,2.0,,,,,70.70
Dontayvion Wicks,WR,,,,,,26.0,316.0,2.0,1.0,8.0,,,70.40
Trey Smack,K,,,,,,,,,,,,,70.00
Brian Robinson,RB,,,,,,13.0,91.0,,87.0,358.0,2.0,,69.90
Marvin Mims,WR,,,,,,27.0,293.0,2.0,6.0,36.0,,1.0,69.90
Samaje Perine,RB,,,,,,14.0,103.0,1.0,66.0,275.0,2.0,,69.80
Tyler Allgeier,RB,,,,,,8.0,54.0,,95.0,400.0,3.0,1.0,69.40
DeMario Douglas,WR,,,,,,24.0,300.0,2.0,4.0,28.0,,,68.80
Justice Hill,RB,,,,,,24.0,176.0,1.0,33.0,141.0,1.0,,67.70
Marquise Brown,WR,,,,,,25.0,305.0,2.0,,,,,67.50
Chris Bell,WR,,,,,,25.0,299.0,2.0,1.0,3.0,,,67.20
Zach Charbonnet,RB,,,,,,11.0,78.0,1.0,65.0,264.0,3.0,1.0,67.20
Troy Franklin,WR,,,,,,24.0,287.0,2.0,2.0,14.0,,,66.10
Xavier Legette,WR,,,,,,24.0,290.0,2.0,1.0,10.0,,,66.00
Emmett Johnson,RB,,,,,,12.0,86.0,1.0,67.0,286.0,2.0,1.0,65.20
Tank Bigsby,RB,,,,,,8.0,59.0,,82.0,353.0,3.0,1.0,65.20
Ray Davis,RB,,,,,,9.0,68.0,,73.0,313.0,3.0,,65.10
Jonah Coleman,RB,,,,,,10.0,75.0,1.0,72.0,304.0,2.0,1.0,63.90
Nicholas Singleton,RB,,,,,,12.0,87.0,1.0,65.0,270.0,2.0,1.0,63.70
Skyler Bell,WR,,,,,,22.0,291.0,2.0,1.0,5.0,,,63.60
Alvin Kamara,RB,,,,,,20.0,145.0,1.0,45.0,185.0,1.0,1.0,63.00
Barion Brown,WR,,,,,,22.0,290.0,2.0,,,,,63.00
Isaiah Bond,WR,,,,,,22.0,269.0,2.0,3.0,19.0,,,62.80
Tyquan Thornton,WR,,,,,,20.0,306.0,2.0,,,,,62.60
Mike Washington,RB,,,,,,9.0,69.0,1.0,66.0,281.0,2.0,,62.00
Will Kacmarek,TE,,,,,,25.0,246.0,2.0,,,,,61.60
Elijah Sarratt,WR,,,,,,22.0,270.0,2.0,1.0,4.0,,,61.40
Malik Benson,WR,,,,,,21.0,276.0,2.0,,,,,60.60
Isaiah Davis,RB,,,,,,13.0,94.0,,62.0,261.0,2.0,,60.50
Kimani Vidal,RB,,,,,,14.0,97.0,,60.0,243.0,2.0,,60.00
Zane Gonzalez,K,,,,,,,,,,,,,60.00
Mack Hollins,WR,,,,,,21.0,263.0,2.0,1.0,6.0,,,59.90
Jordan James,RB,,,,,,11.0,80.0,,68.0,287.0,2.0,,59.70
Josh Cameron,WR,,,,,,21.0,244.0,2.0,4.0,22.0,,,59.60
Noah Gray,TE,,,,,,24.0,231.0,2.0,,,,,59.10
Darnell Mooney,WR,,,,,,19.0,273.0,2.0,1.0,3.0,,,58.60
Justin Joly,TE,,,,,,23.0,230.0,2.0,,,,,58.00
David Njoku,TE,,,,,,23.0,230.0,2.0,,,,,58.00
Joe Royer,TE,,,,,,23.0,228.0,2.0,,,,,57.80
Zavion Thomas,WR,,,,,,20.0,252.0,2.0,,,,,57.20
James Conner,RB,,,,,,11.0,82.0,1.0,53.0,220.0,2.0,1.0,57.20
Elic Ayomanor,WR,,,,,,20.0,247.0,2.0,,,,,56.70
Jaydon Blue,RB,,,,,,9.0,67.0,,68.0,289.0,2.0,,56.60
Emanuel Wilson,RB,,,,,,11.0,86.0,,61.0,249.0,2.0,,56.50
Chris Brooks,RB,,,,,,14.0,100.0,,50.0,203.0,2.0,,56.30
LeQuint Allen,RB,,,,,,18.0,127.0,1.0,33.0,135.0,1.0,,56.20
Max Klare,TE,,,,,,22.0,221.0,2.0,,,,,56.10
Dominic Zvada,K,,,,,,,,,,,,,56.00
Ty Johnson,RB,,,,,,17.0,131.0,1.0,32.0,137.0,1.0,,55.80
Carson Beck,QB,124.0,77.0,5.0,778.0,4.0,,,,12.0,38.0,1.0,1.0,54.92
Calvin Austin,WR,,,,,,21.0,261.0,1.0,3.0,17.0,,,54.80
Isiah Pacheco,RB,,,,,,10.0,73.0,,67.0,263.0,2.0,1.0,53.60
Jack Endries,TE,,,,,,21.0,203.0,2.0,,,,,53.30
Sean Tucker,RB,,,,,,8.0,57.0,,66.0,288.0,2.0,1.0,52.50
Braelon Allen,RB,,,,,,10.0,69.0,,57.0,233.0,2.0,,52.20
Daniel Carlson,K,,,,,,,,,,,,,52.00
MarShawn Lloyd,RB,,,,,,7.0,47.0,,68.0,281.0,2.0,,51.80
Brandon Aiyuk,WR,,,,,,16.0,213.0,2.0,,3.0,,,49.60
John Metchie,WR,,,,,,20.0,220.0,1.0,1.0,8.0,,,48.80
Greg Dortch,WR,,,,,,21.0,215.0,1.0,3.0,16.0,,1.0,48.10
Christian Kirk,WR,,,,,,19.0,205.0,1.0,1.0,9.0,,,46.40
Brandon McManus,K,,,,,,,,,,,,,46.00
Kaytron Allen,RB,,,,,,8.0,59.0,,53.0,220.0,2.0,1.0,45.90
Jaylen Wright,RB,,,,,,6.0,38.0,,53.0,223.0,2.0,,44.10
Kaelon Black,RB,,,,,,6.0,43.0,,49.0,200.0,2.0,,42.30
Elijah Higgins,TE,,,,,,18.0,179.0,1.0,,,,,41.90
Konata Mumpfield,WR,,,,,,16.0,197.0,1.0,,,,,41.70
Ben Sauls,K,,,,,,,,,,,,,41.00
Luke Musgrave,TE,,,,,,17.0,176.0,1.0,,,,,40.60
John Michael Gyllenborg,TE,,,,,,11.0,114.0,1.0,,,,,40.40
Daniel Bellinger,TE,,,,,,17.0,171.0,1.0,,,,,40.10
Oscar Delp,TE,,,,,,17.0,164.0,1.0,,,,,39.40
CJ Daniels,WR,,,,,,15.0,177.0,1.0,1.0,6.0,,,39.30
Kirk Cousins,QB,98.0,63.0,5.0,639.0,3.0,,,,5.0,6.0,,2.0,39.16
Brenen Thompson,WR,,,,,,14.0,190.0,1.0,,,,,39.00
Rasheen Ali,RB,,,,,,12.0,87.0,,29.0,120.0,1.0,,38.70
Bryce Lance,WR,,,,,,15.0,177.0,1.0,,,,,38.70
Tez Johnson,WR,,,,,,14.0,174.0,1.0,2.0,10.0,,,38.40
Charlie Kolar,TE,,,,,,16.0,162.0,1.0,1.0,2.0,,,38.40
Emari Demercado,RB,,,,,,12.0,83.0,,29.0,120.0,1.0,,38.30
Demarcus Robinson,WR,,,,,,14.0,181.0,1.0,,,,,38.10
Jaylin Lane,WR,,,,,,14.0,163.0,1.0,2.0,14.0,,,37.70
Riley Patterson,K,,,,,,,,,,,,,37.00
Zach Ertz,TE,,,,,,16.0,147.0,1.0,,,,,36.70
Xavier Hutchinson,WR,,,,,,14.0,167.0,1.0,,,,,36.70
Noah Fant,TE,,,,,,15.0,156.0,1.0,,,,,36.60
Seth McGowan,RB,,,,,,7.0,49.0,,44.0,184.0,1.0,,36.30
Trevor Etienne,RB,,,,,,8.0,58.0,,40.0,164.0,1.0,,36.20
Jonnu Smith,TE,,,,,,15.0,139.0,1.0,2.0,10.0,,,35.90
KeAndre Lambert-Smith,WR,,,,,,13.0,159.0,1.0,1.0,6.0,,,35.50
Treylon Burks,WR,,,,,,12.0,152.0,1.0,3.0,16.0,,,34.80
Justin Fields,QB,55.0,34.0,2.0,363.0,2.0,,,,18.0,102.0,1.0,1.0,34.72
Jalen Tolbert,WR,,,,,,13.0,152.0,1.0,,,,,34.20
Jalen Royals,WR,,,,,,13.0,143.0,1.0,1.0,6.0,,,33.90
Michael Trigg,TE,,,,,,14.0,138.0,1.0,,,,,33.80
Will Shipley,RB,,,,,,10.0,73.0,,25.0,105.0,1.0,,33.80
Malik Davis,RB,,,,,,6.0,39.0,,44.0,178.0,1.0,,33.70
Sam Roush,TE,,,,,,14.0,135.0,1.0,,,,,33.50
Austin Hooper,TE,,,,,,14.0,132.0,1.0,,,,,33.20
Cade Stover,TE,,,,,,14.0,130.0,1.0,2.0,2.0,,,33.20
Austin Ekeler,RB,,,,,,9.0,63.0,,28.0,118.0,1.0,,33.10
Eli Raridon,TE,,,,,,14.0,130.0,1.0,,,,,33.00
Tyler Higbee,TE,,,,,,14.0,129.0,1.0,,,,,32.90
Tanner Koziol,TE,,,,,,14.0,128.0,1.0,,,,,32.80
Joshua Palmer,WR,,,,,,12.0,146.0,1.0,,,,,32.60
Kevin Coleman,WR,,,,,,12.0,144.0,1.0,,,,,32.40
Savion Williams,WR,,,,,,10.0,118.0,1.0,6.0,42.0,,,32.00
Kaleb Johnson,RB,,,,,,5.0,36.0,,42.0,174.0,1.0,,32.00
Devin Neal,RB,,,,,,7.0,49.0,,39.0,160.0,1.0,1.0,31.90
Jackson Hawes,TE,,,,,,13.0,129.0,1.0,,,,,31.90
Tommy Tremble,TE,,,,,,13.0,128.0,1.0,,,,,31.80
John Bates,TE,,,,,,13.0,128.0,1.0,,,,,31.80
Matt Hibner,TE,,,,,,13.0,128.0,1.0,,,,,31.80
Jaren Kanak,TE,,,,,,13.0,126.0,1.0,,,,,31.60
Drew Sample,TE,,,,,,13.0,126.0,1.0,,,,,31.60
Miles Kitselman,TE,,,,,,13.0,126.0,1.0,,,,,31.60
Lance Mason,TE,,,,,,13.0,126.0,1.0,,,,,31.60
Josh Oliver,TE,,,,,,13.0,124.0,1.0,,,,,31.40
Luke Schoonmaker,TE,,,,,,13.0,124.0,1.0,,,,,31.40
Isaiah Williams,WR,,,,,,12.0,135.0,1.0,3.0,18.0,,1.0,31.30
Kyle Williams,WR,,,,,,10.0,148.0,1.0,1.0,4.0,,,31.20
Colbie Young,WR,,,,,,11.0,140.0,1.0,,,,,31.00
J'Mari Taylor,RB,,,,,,5.0,37.0,,38.0,160.0,1.0,,30.70
Taylen Green,QB,53.0,32.0,2.0,335.0,2.0,,,,15.0,69.0,1.0,1.0,30.30
Aaron Anderson,WR,,,,,,11.0,132.0,1.0,,,,,30.20
Jimmy Horn,WR,,,,,,10.0,124.0,1.0,3.0,18.0,,,30.20
Adam Randall,RB,,,,,,8.0,58.0,,25.0,103.0,1.0,,30.10
Eric McAlister,WR,,,,,,11.0,131.0,1.0,,,,,30.10
DJ Giddens,RB,,,,,,6.0,43.0,,33.0,137.0,1.0,,30.00
Devontez Walker,WR,,,,,,10.0,133.0,1.0,1.0,6.0,,,29.90
Marlin Klein,TE,,,,,,12.0,115.0,1.0,,,,,29.50
Nick Westbrook-Ikhine,WR,,,,,,10.0,135.0,1.0,,,,,29.50
Eric Rivers,WR,,,,,,11.0,124.0,1.0,,,,,29.40
Brevyn Spann-Ford,TE,,,,,,12.0,114.0,1.0,,,,,29.40
Tai Felton,WR,,,,,,10.0,126.0,1.0,1.0,6.0,,,29.20
Brandin Cooks,WR,,,,,,10.0,128.0,1.0,,,,,28.80
Joe Flacco,QB,69.0,44.0,3.0,448.0,2.0,,,,4.0,8.0,,,28.72
Tyler Lockett,WR,,,,,,11.0,113.0,1.0,,,,,28.30
Odell Beckham,WR,,,,,,10.0,120.0,1.0,,,,,28.00
Gardner Minshew,QB,60.0,38.0,3.0,394.0,2.0,,,,6.0,22.0,,,27.96
Nick Chubb,RB,,,,,,5.0,31.0,,35.0,138.0,1.0,,27.90
Adam Trautman,TE,,,,,,11.0,108.0,1.0,,,,,27.80
Josh Cuevas,TE,,,,,,11.0,108.0,1.0,,,,,27.80
Kalif Raymond,WR,,,,,,9.0,116.0,1.0,2.0,11.0,,,27.70
Ben Sinnott,TE,,,,,,11.0,105.0,1.0,,,,,27.50
Nate Boerkircher,TE,,,,,,11.0,104.0,1.0,,,,,27.40
Brock Wright,TE,,,,,,11.0,103.0,1.0,,,,,27.30
Trey Benson,RB,,,,,,3.0,22.0,1.0,30.0,120.0,1.0,1.0,27.20
Derek Carr,QB,66.0,43.0,3.0,447.0,2.0,,,,4.0,13.0,,1.0,27.18
Jawhar Jordan,RB,,,,,,5.0,33.0,,31.0,127.0,1.0,,27.00
Will Dissly,TE,,,,,,11.0,100.0,1.0,,,,,27.00
Marquez Valdes-Scantling,WR,,,,,,8.0,123.0,1.0,1.0,6.0,,,26.90
David Sills,WR,,,,,,9.0,113.0,1.0,1.0,6.0,,,26.90
Roman Wilson,WR,,,,,,9.0,118.0,1.0,,,,,26.80
Mac Jones,QB,62.0,41.0,3.0,423.0,2.0,,,,5.0,18.0,,1.0,26.72
Najee Harris,RB,,,,,,5.0,36.0,,30.0,117.0,1.0,,26.30
Jerome Ford,RB,,,,,,6.0,44.0,,24.0,99.0,1.0,,26.30
Reggie Virgil,WR,,,,,,9.0,111.0,1.0,,,,,26.10
Jermaine Burton,WR,,,,,,8.0,114.0,1.0,1.0,6.0,,,26.00
Jahdae Walker,WR,,,,,,9.0,109.0,1.0,,,,,25.90
Grant Calcaterra,TE,,,,,,10.0,96.0,1.0,,,,,25.60
Desmond Reid,RB,,,,,,4.0,31.0,,29.0,122.0,1.0,,25.30
George Holani,RB,,,,,,4.0,29.0,,30.0,123.0,1.0,,25.20
Ja'Tavion Sanders,TE,,,,,,10.0,89.0,1.0,,,,,24.90
Demond Claiborne,RB,,,,,,4.0,30.0,,29.0,138.0,1.0,1.0,24.80
Tahj Brooks,RB,,,,,,3.0,22.0,,33.0,132.0,1.0,,24.40
Kareem Hunt,RB,,,,,,3.0,22.0,,35.0,130.0,1.0,,24.20
Xavier Smith,WR,,,,,,7.0,95.0,1.0,3.0,16.0,,,24.10
Cade Klubnik,QB,61.0,38.0,2.0,400.0,2.0,,,,5.0,20.0,,,24.00
Lil'Jordan Humphrey,WR,,,,,,8.0,100.0,1.0,,,,,24.00
Deion Burks,WR,,,,,,8.0,91.0,1.0,,2.0,,,23.30
Jordan Whittington,WR,,,,,,8.0,87.0,1.0,1.0,6.0,,,23.30
Ollie Gordon,RB,,,,,,3.0,22.0,,30.0,120.0,1.0,,23.20
Audric Estime,RB,,,,,,3.0,17.0,,30.0,119.0,1.0,,22.60
Will Howard,QB,64.0,40.0,2.0,410.0,2.0,,,,5.0,21.0,,1.0,22.50
Drew Allar,QB,62.0,39.0,2.0,398.0,2.0,,,,5.0,21.0,,1.0,22.02
Younghoe Koo,K,,,,,,,,,,,,,22.00
Drew Stevens,K,,,,,,,,,,,,,22.00
Matt Prater,K,,,,,,,,,,,,,22.00
Graham Gano,K,,,,,,,,,,,,,22.00
Michael Badgley,K,,,,,,,,,,,,,22.00
Dameon Pierce,RB,,,,,,3.0,22.0,,25.0,106.0,1.0,,21.80
Anthony Richardson,QB,28.0,16.0,1.0,193.0,1.0,,,,8.0,46.0,1.0,,21.32
Isaac Guerendo,RB,,,,,,2.0,16.0,,28.0,116.0,1.0,,21.20
Jam Miller,RB,,,,,,3.0,22.0,,22.0,92.0,1.0,,20.40
Brashard Smith,RB,,,,,,4.0,32.0,,16.0,67.0,1.0,,19.90
J.J. McCarthy,QB,32.0,20.0,1.0,213.0,1.0,,,,5.0,21.0,1.0,,19.62
Mitchell Evans,TE,,,,,,8.0,77.0,,,,,,15.70
Mo Alie-Cox,TE,,,,,,8.0,74.0,,,,,,15.40
Tip Reiman,TE,,,,,,8.0,74.0,,,,,,15.40
Connor Heyward,TE,,,,,,4.0,33.0,,7.0,14.0,1.0,,14.70
Trey Lance,QB,29.0,18.0,1.0,183.0,1.0,,,,8.0,43.0,,,14.62
Jalen Milroe,QB,26.0,16.0,1.0,164.0,1.0,,,,8.0,43.0,,,13.86
Tim Patrick,WR,,,,,,6.0,77.0,,,,,,13.70
Ty Simpson,QB,32.0,20.0,1.0,218.0,1.0,,,,5.0,19.0,,,13.62
Marcus Mariota,QB,29.0,19.0,1.0,188.0,1.0,,,,4.0,26.0,,,13.12
Cade York,K,,,,,,,,,,,,,13.00
Tyrod Taylor,QB,32.0,20.0,1.0,205.0,1.0,,,,4.0,17.0,,,12.90
Jameis Winston,QB,32.0,20.0,1.0,214.0,1.0,,,,3.0,13.0,,,12.86
Will Levis,QB,32.0,20.0,1.0,205.0,1.0,,,,4.0,15.0,,,12.70
Spencer Rattler,QB,32.0,20.0,1.0,202.0,1.0,,,,4.0,16.0,,,12.68
Tyler Huntley,QB,28.0,18.0,1.0,182.0,1.0,,,,4.0,24.0,,,12.68
Diego Pavia,QB,29.0,18.0,1.0,183.0,1.0,,,,4.0,22.0,,,12.52
Raheem Mostert,RB,,,,,,5.0,33.0,,10.0,42.0,,,12.50
Tyson Bagent,QB,31.0,19.0,1.0,195.0,1.0,,,,4.0,17.0,,,12.50
Carson Wentz,QB,32.0,20.0,1.0,221.0,1.0,,,,2.0,6.0,,,12.44
Riley Leonard,QB,29.0,18.0,1.0,196.0,1.0,,,,4.0,16.0,,,12.44
Tanner McKee,QB,31.0,19.0,1.0,198.0,1.0,,,,4.0,15.0,,,12.42
Quinn Ewers,QB,31.0,19.0,1.0,195.0,1.0,,,,4.0,16.0,,,12.40
Joe Milton,QB,31.0,19.0,1.0,195.0,1.0,,,,4.0,16.0,,,12.40
Joshua Dobbs,QB,31.0,19.0,1.0,195.0,1.0,,,,4.0,16.0,,,12.40
Clayton Tune,QB,31.0,19.0,1.0,195.0,1.0,,,,4.0,16.0,,,12.40
Tommy DeVito,QB,30.0,19.0,1.0,202.0,1.0,,,,4.0,13.0,,,12.38
Jimmy Garoppolo,QB,33.0,21.0,1.0,218.0,1.0,,,,2.0,6.0,,,12.32
Devin Singletary,RB,,,,,,5.0,32.0,,10.0,41.0,,,12.30
Jarrett Stidham,QB,31.0,19.0,1.0,198.0,1.0,,,,2.0,13.0,,,12.22
Nick Mullens,QB,33.0,20.0,1.0,211.0,1.0,,,,2.0,6.0,,,12.04
Davis Mills,QB,33.0,20.0,1.0,211.0,1.0,,,,2.0,6.0,,,12.04
Ty Chandler,RB,,,,,,6.0,39.0,,5.0,21.0,,,12.00
Kyle Allen,QB,31.0,19.0,1.0,195.0,1.0,,,,2.0,12.0,,,12.00
Mitchell Trubisky,QB,29.0,18.0,1.0,186.0,1.0,,,,4.0,15.0,,,11.94
Dillon Gabriel,QB,30.0,19.0,1.0,189.0,1.0,,,,2.0,13.0,,,11.86
Andy Dalton,QB,33.0,21.0,1.0,208.0,1.0,,,,2.0,5.0,,,11.82
Mason Rudolph,QB,32.0,20.0,1.0,202.0,1.0,,,,2.0,6.0,,,11.68
Teddy Bridgewater,QB,32.0,20.0,1.0,202.0,1.0,,,,2.0,5.0,,,11.58
Jaydn Ott,RB,,,,,,3.0,19.0,,15.0,63.0,,,11.20
Tutu Atwell,WR,,,,,,4.0,62.0,,1.0,5.0,,,10.70
Luke Farrell,TE,,,,,,5.0,51.0,,,,,,10.10
Durham Smythe,TE,,,,,,5.0,49.0,,,,,,9.90
Bo Melton,WR,,,,,,4.0,52.0,,1.0,6.0,,,9.80
Foster Moreau,TE,,,,,,5.0,48.0,,,,,,9.80
Riley Nowakowski,TE,,,,,,5.0,46.0,,,,,,9.60
Jarquez Hunter,RB,,,,,,2.0,13.0,,15.0,63.0,,,9.60
Taysom Hill,TE,,,,,,4.0,35.0,,5.0,20.0,,,9.50
Jeremy McNichols,RB,,,,,,3.0,22.0,,10.0,42.0,,,9.40
Luke McCaffrey,WR,,,,,,4.0,53.0,,,,,,9.30
Noah Brown,WR,,,,,,4.0,53.0,,,,,,9.30
Elijah Mitchell,RB,,,,,,2.0,14.0,,14.0,59.0,,,9.30
Jeremy Ruckert,TE,,,,,,5.0,43.0,,,,,,9.30
Isaiah Hodgins,WR,,,,,,4.0,52.0,,,,,,9.20
Theo Wease,WR,,,,,,4.0,49.0,,,,,,8.90
Cody White,WR,,,,,,4.0,45.0,,,,,,8.50
Dean Connors,RB,,,,,,2.0,18.0,,11.0,46.0,,,8.40
Tyler Badie,RB,,,,,,4.0,28.0,,4.0,16.0,,,8.40
Payne Durham,TE,,,,,,4.0,41.0,,,,,,8.10
Lucas Krull,TE,,,,,,4.0,41.0,,,,,,8.10
Michael Carter,RB,,,,,,3.0,22.0,,7.0,29.0,,,8.10
Seydou Traore,TE,,,,,,4.0,40.0,,,,,,8.00
Charlie Woerner,TE,,,,,,4.0,40.0,,,,,,8.00
Quintin Morris,TE,,,,,,4.0,40.0,,,,,,8.00
Roschon Johnson,RB,,,,,,2.0,14.0,,10.0,42.0,,,7.60
Jack Stoll,TE,,,,,,4.0,35.0,,,,,,7.50
Damien Martinez,RB,,,,,,2.0,14.0,,10.0,41.0,,,7.50
Tucker Fisk,TE,,,,,,4.0,35.0,,,,,,7.50
Dallin Holker,TE,,,,,,4.0,35.0,,,,,,7.50
Pierre Strong,RB,,,,,,2.0,14.0,,10.0,41.0,,,7.50
Dare Ogunbowale,RB,,,,,,4.0,27.0,,2.0,8.0,,,7.50
Jaleel McLaughlin,RB,,,,,,2.0,15.0,,10.0,40.0,,,7.50
Jack Velling,TE,,,,,,4.0,33.0,,,,,,7.30
Dante Pettis,WR,,,,,,3.0,37.0,,1.0,6.0,,,7.30
Devin Culp,TE,,,,,,4.0,33.0,,,,,,7.30
Xavier Weaver,WR,,,,,,3.0,35.0,,1.0,6.0,,,7.10
Ronnie Rivers,RB,,,,,,3.0,20.0,,5.0,21.0,,,7.10
Arian Smith,WR,,,,,,3.0,35.0,,1.0,6.0,,,7.10
Malachi Corley,WR,,,,,,2.0,20.0,,5.0,28.0,,,6.80
Van Jefferson,WR,,,,,,3.0,38.0,,,,,,6.80
Phil Mafah,RB,5.0,,,,,2.0,15.0,,8.0,32.0,,,6.70
Darius Cooper,WR,,,,,,3.0,37.0,,,,,,6.70
Noah Thomas,WR,,,,,,3.0,36.0,,,,,,6.60
Cedric Tillman,WR,,,,,,3.0,36.0,,,,,,6.60
Dane Key,WR,,,,,,3.0,36.0,,,,,,6.60
Chase Roberts,WR,,,,,,3.0,36.0,,,,,,6.60
Trebor Pena,WR,,,,,,3.0,36.0,,,,,,6.60
Kevin Austin,WR,,,,,,3.0,34.0,,,1.0,,,6.50
Josh Reynolds,WR,,,,,,3.0,35.0,,,,,,6.50
Jalen Brooks,WR,,,,,,3.0,35.0,,,,,,6.50
Tyler Johnson,WR,,,,,,3.0,35.0,,,,,,6.50
Allen Lazard,WR,,,,,,3.0,34.0,,,,,,6.40
Josh Whyle,TE,,,,,,3.0,32.0,,,,,,6.20
Brevin Jordan,TE,,,,,,4.0,21.0,,,,,,6.10
Will Ferrin,K,,,,,,,,,,,,,6.00
Lenny Krieg,K,,,,,,,,,,,,,6.00
Davis Allen,TE,,,,,,3.0,29.0,,,,,,5.90
Tanner Hudson,TE,,,,,,3.0,28.0,,,,,,5.80
Nate Adkins,TE,,,,,,3.0,27.0,,,,,,5.70
Stone Smartt,TE,,,,,,3.0,27.0,,,,,,5.70
Eric Saubert,TE,,,,,,3.0,27.0,,,,,,5.70
Kalel Mullings,RB,,,,,,2.0,16.0,,5.0,20.0,,,5.60
Zavier Scott,RB,,,,,,2.0,15.0,,5.0,21.0,,,5.60
Kendre Miller,RB,,,,,,2.0,16.0,,5.0,20.0,,,5.60
Julian Hill,TE,,,,,,3.0,26.0,,,,,,5.60
Julius Chestnut,RB,,,,,,2.0,16.0,,5.0,20.0,,,5.60
Drew Ogletree,TE,,,,,,3.0,24.0,,,,,,5.40
Curtis Samuel,WR,,,,,,2.0,27.0,,1.0,6.0,,,5.30
Kenny McIntosh,RB,,,,,,2.0,16.0,,4.0,16.0,,,5.20
Dylan Laube,RB,,,,,,2.0,10.0,,5.0,21.0,,,5.10
Cam Akers,RB,,,,,,2.0,15.0,,4.0,16.0,,,5.10
Zamir White,RB,,,,,,2.0,10.0,,5.0,21.0,,,5.10
Dee Eskridge,WR,,,,,,2.0,23.0,,1.0,6.0,,,4.90
Dyami Brown,WR,,,,,,2.0,23.0,,1.0,6.0,,,4.90
Ameer Abdullah,RB,,,,,,2.0,15.0,,3.0,13.0,,,4.80
Xavier Restrepo,WR,,,,,,2.0,22.0,,1.0,6.0,,,4.80
Tyler Goodson,RB,,,,,,2.0,15.0,,3.0,13.0,,,4.80
Kameron Johnson,WR,,,,,,2.0,28.0,,,,,,4.80
Raheim Sanders,RB,,,,,,2.0,7.0,,5.0,20.0,,,4.70
Dont'e Thornton,WR,,,,,,2.0,27.0,,,,,,4.70
Dareke Young,WR,,,,,,2.0,26.0,,,,,,4.60
Efton Chism,WR,,,,,,2.0,25.0,,,1.0,,,4.60
Craig Reynolds,RB,,,,,,2.0,16.0,,2.0,8.0,,,4.40
Blake Whiteheart,TE,,,,,,2.0,24.0,,,,,,4.40
Jacardia Wright,RB,,,,,,2.0,15.0,,2.0,8.0,,,4.30
David Moore,WR,,,,,,2.0,23.0,,,,,,4.30
Ricky White,WR,,,,,,2.0,22.0,,,,,,4.20
Tylan Wallace,WR,,,,,,2.0,22.0,,,,,,4.20
Jake Bobo,WR,,,,,,2.0,22.0,,,,,,4.20
Kaden Wetjen,WR,,,,,,2.0,22.0,,,,,,4.20
JuJu Smith-Schuster,WR,,,,,,2.0,20.0,,,1.0,,,4.10
Chris Moore,WR,,,,,,2.0,21.0,,,,,,4.10
Harrison Bryant,TE,,,,,,2.0,20.0,,,,,,4.00
Jamal Haynes,RB,,,,,,1.0,5.0,,6.0,25.0,,,4.00
Ian Thomas,TE,,,,,,2.0,20.0,,,,,,4.00
Tyrell Shavers,WR,,,,,,2.0,19.0,,,1.0,,,4.00
Sione Vaki,RB,,,,,,2.0,16.0,,1.0,4.0,,,4.00
Kylen Granson,TE,,,,,,2.0,20.0,,,,,,4.00
Cameron Latu,TE,,,,,,2.0,20.0,,,,,,4.00
Ben Yurosek,TE,,,,,,2.0,20.0,,,,,,4.00
Antonio Gibson,RB,,,,,,2.0,15.0,,1.0,4.0,,,3.90
Trent Sherfield,WR,,,,,,2.0,19.0,,,,,,3.90
Max Bredeson,TE,,,,,,2.0,15.0,,1.0,3.0,,,3.80
Anthony Gould,WR,,,,,,1.0,16.0,,1.0,6.0,,,3.20
Skyy Moore,WR,,,,,,1.0,14.0,,1.0,6.0,,,3.00
Ashton Dulin,WR,,,,,,1.0,14.0,,1.0,6.0,,,3.00
DeAndre Hopkins,WR,,,,,,1.0,15.0,,,,,,2.50
Jordan Watkins,WR,,,,,,1.0,14.0,,,,,,2.40
Chris Manhertz,TE,,,,,,1.0,13.0,,,,,,2.30
Ko Kieft,TE,,,,,,1.0,13.0,,,,,,2.30
Shane Zylstra,TE,,,,,,1.0,13.0,,,,,,2.30
Donovan Edwards,RB,,,,,,,,,5.0,21.0,,,2.10
Gage Larvadain,WR,,,,,,1.0,9.0,,,,,,1.90
Feleipe Franks,TE,,,,,,1.0,7.0,,1.0,2.0,,,1.90
Robert Tonyan,TE,,,,,,1.0,9.0,,,,,,1.90
DeAndre Carter,WR,,,,,,1.0,17.0,,2.0,11.0,,1.0,1.80
Jacob Cowing,WR,,,,,,1.0,7.0,,,,,,1.70
Tyler Conklin,TE,,,,,,1.0,7.0,,,,,,1.70
LaJohntay Wester,WR,,,,,,1.0,14.0,,1.0,6.0,,1.0,1.00
Clyde Edwards-Helaire,RB,,,,,,,,,2.0,8.0,,,0.80
James Proche,WR,,,,,,,,,1.0,6.0,,,0.60
Sterling Shepard,WR,,,,,,,,,1.0,6.0,,,0.60
Ben Skowronek,WR,,,,,,,,,1.0,6.0,,,0.60
Nikko Remigio,WR,,,,,,,,,1.0,6.0,,,0.60
